,train_acc,test_acc
0,0.8317174515235457,0.85068349106204
1,0.8273891966759003,0.825446898002103
2,0.8150969529085873,0.8186119873817035
3,0.8433171745152355,0.8464773922187171
4,0.8131925207756233,0.8138801261829653
