,train_acc,test_acc
0,0.9168109418282548,0.9200841219768665
1,0.9164646814404432,0.9190325972660357
2,0.910058864265928,0.9027339642481599
3,0.9194078947368421,0.9211356466876972
4,0.9142139889196675,0.9148264984227129
