,train_acc,test_acc
0,0.8259175900277008,0.8333333333333334
1,0.8272160664819944,0.8264984227129337
2,0.8265235457063712,0.8349106203995794
3,0.8267832409972299,0.8212407991587802
4,0.8084314404432132,0.8217665615141956
