,train_acc,test_acc
0,0.8537049861495845,0.8606729758149316
1,0.8576869806094183,0.8717139852786541
2,0.8597645429362881,0.862776025236593
3,0.8492901662049861,0.8580441640378549
4,0.859851108033241,0.8753943217665615
