,train_acc,test_acc
0,0.9022680055401662,0.9121976866456362
1,0.9087603878116344,0.9111461619348055
2,0.9069425207756233,0.9137749737118822
3,0.8883310249307479,0.8937960042060988
4,0.9059037396121884,0.9148264984227129
