,train_acc,test_acc
0,0.7693040166204986,0.7681388012618297
1,0.7976108033240997,0.7917981072555205
2,0.7956198060941828,0.7912723449001051
3,0.7813365650969529,0.7781282860147214
4,0.8015927977839336,0.8012618296529969
