,train_acc,test_acc
0,0.8309383656509696,0.8480546792849631
1,0.8410664819944599,0.8638275499474237
2,0.8303324099722992,0.8517350157728707
3,0.838036703601108,0.8585699263932702
4,0.839075484764543,0.8596214511041009
