,train_acc,test_acc
0,0.8510214681440443,0.8554153522607781
1,0.8637465373961218,0.8690851735015773
2,0.8627943213296398,0.8738170347003155
3,0.8469529085872576,0.849106203995794
4,0.8488573407202216,0.8606729758149316
