,train_acc,test_acc
0,0.9046052631578947,0.9090431125131441
1,0.9228704986149584,0.9200841219768665
2,0.915685595567867,0.9200841219768665
3,0.9140408587257618,0.9111461619348055
4,0.9108379501385041,0.9100946372239748
