,train_acc,test_acc
0,0.8981128808864266,0.9085173501577287
1,0.899671052631579,0.9121976866456362
2,0.9012292243767313,0.9106203995793901
3,0.9058171745152355,0.9085173501577287
4,0.8998441828254847,0.9048370136698213
