,train_acc,test_acc
0,0.8601108033240997,0.8738170347003155
1,0.8724896121883656,0.880651945320715
2,0.8529259002770083,0.8664563617245006
3,0.8645256232686981,0.8748685594111462
4,0.8583795013850416,0.8764458464773922
