,train_acc,test_acc
0,0.6266447368421053,0.6151419558359621
1,0.6263850415512465,0.6125131440588854
2,0.6231821329639889,0.6146161934805467
3,0.625952216066482,0.610410094637224
4,0.6247403047091413,0.6125131440588854
