,train_acc,test_acc
0,0.6611842105263158,0.656677181913775
1,0.65625,0.6456361724500526
2,0.645862188365651,0.6461619348054679
3,0.6560768698060941,0.631440588853838
4,0.6365131578947368,0.6456361724500526
