,train_acc,test_acc
0,0.5666666666666667,0.5
1,0.6166666666666667,0.6
2,0.55,0.6
3,0.5625,0.6166666666666667
4,0.5833333333333334,0.5666666666666667
