,train_acc,test_acc
0,0.9375,0.9166666666666666
1,0.9291666666666667,0.9166666666666666
2,0.9208333333333333,0.9166666666666666
3,0.9166666666666666,0.9666666666666667
4,0.9291666666666667,0.95
