,train_acc,test_acc
0,0.9208333333333333,1.0
1,0.9291666666666667,0.9333333333333333
2,0.9083333333333333,0.9333333333333333
3,0.9625,0.9166666666666666
4,0.9291666666666667,1.0
