,train_acc,test_acc
0,0.75,0.5666666666666667
1,0.6458333333333334,0.5333333333333333
2,0.6583333333333333,0.6
3,0.675,0.5333333333333333
4,0.7291666666666666,0.5833333333333334
