,train_acc,test_acc
0,0.9083333333333333,0.8666666666666667
1,0.9083333333333333,0.85
2,0.8708333333333333,0.8666666666666667
3,0.8875,0.7666666666666667
4,0.875,0.8666666666666667
