,train_acc,test_acc
0,0.675,0.5666666666666667
1,0.6666666666666666,0.7
2,0.6291666666666667,0.5666666666666667
3,0.6958333333333333,0.6
4,0.6916666666666667,0.4666666666666667
