,train_acc,test_acc
0,0.6041666666666666,0.5
1,0.5416666666666666,0.5833333333333334
2,0.6083333333333333,0.55
3,0.5458333333333333,0.6
4,0.5416666666666666,0.5
