,train_acc,test_acc
0,0.65,0.5166666666666667
1,0.5958333333333333,0.4666666666666667
2,0.625,0.4666666666666667
3,0.625,0.5833333333333334
4,0.6291666666666667,0.45
