,train_acc,test_acc
0,0.7708333333333334,0.65
1,0.7416666666666667,0.7333333333333333
2,0.7541666666666667,0.7
3,0.7291666666666666,0.6666666666666666
4,0.7791666666666667,0.6666666666666666
