,train_acc,test_acc
0,0.9458333333333333,0.95
1,0.9333333333333333,0.9666666666666667
2,0.9291666666666667,0.95
3,0.9333333333333333,0.95
4,0.9166666666666666,0.95
