,train_acc,test_acc
0,0.7666666666666667,0.75
1,0.725,0.65
2,0.7875,0.65
3,0.6958333333333333,0.6
4,0.7666666666666667,0.6333333333333333
