,train_acc,test_acc
0,0.7583333333333333,0.7166666666666667
1,0.7291666666666666,0.6
2,0.7916666666666666,0.6833333333333333
3,0.725,0.5833333333333334
4,0.7583333333333333,0.5166666666666667
