,train_acc,test_acc
0,0.9416666666666667,0.8166666666666667
1,0.8791666666666667,0.8
2,0.8958333333333334,0.8
3,0.8791666666666667,0.8333333333333334
4,0.8625,0.7833333333333333
