,train_acc,test_acc
0,0.95,0.8
1,0.9375,0.7833333333333333
2,0.9583333333333334,0.8666666666666667
3,0.9625,0.8666666666666667
4,0.9416666666666667,0.8
