,train_acc,test_acc
0,0.9083333333333333,0.8
1,0.9,0.7333333333333333
2,0.8791666666666667,0.7833333333333333
3,0.9,0.8
4,0.9041666666666667,0.8
