,train_acc,test_acc
0,0.675,0.6666666666666666
1,0.6833333333333333,0.6666666666666666
2,0.6166666666666667,0.6666666666666666
3,0.6083333333333333,0.65
4,0.7,0.6666666666666666
