,train_acc,test_acc
0,0.7916666666666666,0.7166666666666667
1,0.8,0.6833333333333333
2,0.7958333333333333,0.6833333333333333
3,0.8083333333333333,0.6666666666666666
4,0.7875,0.7
