,train_acc,test_acc
0,0.8833333333333333,0.8
1,0.8708333333333333,0.85
2,0.8625,0.8833333333333333
3,0.825,0.7666666666666667
4,0.8708333333333333,0.8166666666666667
