,train_acc,test_acc
0,0.85,0.7166666666666667
1,0.8333333333333334,0.6666666666666666
2,0.8666666666666667,0.6
3,0.9083333333333333,0.7333333333333333
4,0.9458333333333333,0.7166666666666667
