,train_acc,test_acc
0,0.9375,0.8
1,0.9375,0.8666666666666667
2,0.9,0.9166666666666666
3,0.9208333333333333,0.7666666666666667
4,0.925,0.85
