,train_acc,test_acc
0,0.9,0.85
1,0.8958333333333334,0.8666666666666667
2,0.9125,0.85
3,0.9041666666666667,0.8166666666666667
4,0.9041666666666667,0.7833333333333333
