,train_acc,test_acc
0,0.9625,0.95
1,0.975,0.8833333333333333
2,0.975,0.9666666666666667
3,0.9541666666666667,0.9666666666666667
4,0.9666666666666667,0.9666666666666667
