,train_acc,test_acc
0,0.95,0.8333333333333334
1,0.9708333333333333,0.8333333333333334
2,0.9708333333333333,0.7
3,0.9666666666666667,0.8166666666666667
4,0.9833333333333333,0.8
