,train_acc,test_acc
0,0.9,0.7333333333333333
1,0.9333333333333333,0.6833333333333333
2,0.9625,0.7166666666666667
3,0.9541666666666667,0.75
4,0.9458333333333333,0.75
