,train_acc,test_acc
0,0.6666666666666666,0.6333333333333333
1,0.6625,0.6333333333333333
2,0.7,0.6166666666666667
3,0.7,0.6333333333333333
4,0.7,0.5833333333333334
