,train_acc,test_acc
0,0.6166666666666667,0.5
1,0.6875,0.65
2,0.6958333333333333,0.65
3,0.6833333333333333,0.6833333333333333
4,0.5875,0.5333333333333333
