,train_acc,test_acc
0,0.7583333333333333,0.65
1,0.7375,0.6
2,0.6833333333333333,0.5833333333333334
3,0.7291666666666666,0.6333333333333333
4,0.7125,0.6333333333333333
