,train_acc,test_acc
0,0.7125,0.6333333333333333
1,0.6916666666666667,0.65
2,0.6583333333333333,0.6333333333333333
3,0.7166666666666667,0.6166666666666667
4,0.7125,0.6333333333333333
