,train_acc,test_acc
0,0.775,0.75
1,0.7625,0.6833333333333333
2,0.75,0.7666666666666667
3,0.7666666666666667,0.7
4,0.7541666666666667,0.6833333333333333
