,train_acc,test_acc
0,0.6625,0.5666666666666667
1,0.6916666666666667,0.6166666666666667
2,0.6833333333333333,0.5666666666666667
3,0.6541666666666667,0.5833333333333334
4,0.6833333333333333,0.5666666666666667
