,train_acc,test_acc
0,0.7083333333333334,0.7333333333333333
1,0.7,0.7333333333333333
2,0.7458333333333333,0.7333333333333333
3,0.7,0.75
4,0.7416666666666667,0.7
