,train_acc,test_acc
0,0.6166666666666667,0.43333333333333335
1,0.5875,0.5333333333333333
2,0.6333333333333333,0.48333333333333334
3,0.65,0.48333333333333334
4,0.6583333333333333,0.45
