,train_acc,test_acc
0,0.6708333333333333,0.5833333333333334
1,0.6333333333333333,0.65
2,0.6541666666666667,0.6
3,0.6416666666666667,0.6166666666666667
4,0.675,0.6
