,train_acc,test_acc
0,0.725,0.6166666666666667
1,0.6875,0.6166666666666667
2,0.7083333333333334,0.65
3,0.7,0.65
4,0.6916666666666667,0.7
