,train_acc,test_acc
0,0.8916666666666667,0.8833333333333333
1,0.8083333333333333,0.8333333333333334
2,0.7416666666666667,0.7833333333333333
3,0.8916666666666667,0.8833333333333333
4,0.7458333333333333,0.6666666666666666
