,train_acc,test_acc
0,0.7708333333333334,0.7166666666666667
1,0.7041666666666667,0.6833333333333333
2,0.7333333333333333,0.7333333333333333
3,0.6916666666666667,0.7166666666666667
4,0.7791666666666667,0.7666666666666667
