,train_acc,test_acc
0,0.6125,0.75
1,0.6208333333333333,0.6166666666666667
2,0.6166666666666667,0.6333333333333333
3,0.6041666666666666,0.6333333333333333
4,0.6333333333333333,0.6833333333333333
