,train_acc,test_acc
0,0.7666666666666667,0.7333333333333333
1,0.6458333333333334,0.6
2,0.6208333333333333,0.6833333333333333
3,0.7208333333333333,0.7333333333333333
4,0.6625,0.6666666666666666
