,train_acc,test_acc
0,0.6791666666666667,0.7333333333333333
1,0.6875,0.7
2,0.6833333333333333,0.75
3,0.7125,0.7833333333333333
4,0.6541666666666667,0.6833333333333333
