,train_acc,test_acc
0,0.9791666666666666,0.8166666666666667
1,0.9583333333333334,0.7166666666666667
2,0.975,0.65
3,0.9416666666666667,0.75
4,0.9583333333333334,0.75
