,train_acc,test_acc
0,0.675,0.6333333333333333
1,0.6666666666666666,0.6166666666666667
2,0.65,0.65
3,0.7166666666666667,0.7
4,0.6833333333333333,0.65
