,train_acc,test_acc
0,0.75,0.5833333333333334
1,0.7458333333333333,0.55
2,0.7333333333333333,0.5833333333333334
3,0.7833333333333333,0.65
4,0.7291666666666666,0.6333333333333333
