,train_acc,test_acc
0,0.8333333333333334,0.6333333333333333
1,0.825,0.6333333333333333
2,0.8125,0.6666666666666666
3,0.8125,0.6333333333333333
4,0.8166666666666667,0.6166666666666667
