,train_acc,test_acc
0,0.8791666666666667,0.6833333333333333
1,0.8708333333333333,0.6833333333333333
2,0.8833333333333333,0.7333333333333333
3,0.825,0.6
4,0.8916666666666667,0.75
