,train_acc,test_acc
0,0.7375,0.5833333333333334
1,0.7208333333333333,0.5666666666666667
2,0.775,0.6
3,0.7833333333333333,0.6166666666666667
4,0.7541666666666667,0.6166666666666667
