,train_acc,test_acc
0,0.7791666666666667,0.5666666666666667
1,0.7666666666666667,0.6
2,0.7416666666666667,0.55
3,0.7625,0.5666666666666667
4,0.75,0.6666666666666666
