,train_acc,test_acc
0,0.9291666666666667,0.6666666666666666
1,0.95,0.6333333333333333
2,0.9416666666666667,0.6833333333333333
3,0.9541666666666667,0.75
4,0.9375,0.5833333333333334
