,train_acc,test_acc
0,0.6875,0.5666666666666667
1,0.6708333333333333,0.55
2,0.6708333333333333,0.5333333333333333
3,0.6791666666666667,0.5166666666666667
4,0.6625,0.5666666666666667
