,train_acc,test_acc
0,0.9208333333333333,0.7666666666666667
1,0.9083333333333333,0.7833333333333333
2,0.8958333333333334,0.7833333333333333
3,0.9083333333333333,0.8666666666666667
4,0.8833333333333333,0.7333333333333333
