,train_acc,test_acc
0,0.95,0.65
1,0.9291666666666667,0.6833333333333333
2,0.9416666666666667,0.7666666666666667
3,0.9333333333333333,0.65
4,0.9333333333333333,0.7666666666666667
