,train_acc,test_acc
0,0.9625,0.75
1,0.9708333333333333,0.7
2,0.975,0.75
3,0.9666666666666667,0.6166666666666667
4,0.9416666666666667,0.6666666666666666
