,train_acc,test_acc
0,0.8208333333333333,0.7
1,0.875,0.7333333333333333
2,0.8708333333333333,0.6333333333333333
3,0.8333333333333334,0.6666666666666666
4,0.825,0.6833333333333333
