,train_acc,test_acc
0,0.9375,0.9
1,0.9291666666666667,0.9166666666666666
2,0.9291666666666667,0.7333333333333333
3,0.8958333333333334,0.9166666666666666
4,0.9291666666666667,0.85
