,train_acc,test_acc
0,0.8,0.8333333333333334
1,0.7375,0.8
2,0.725,0.65
3,0.7333333333333333,0.7666666666666667
4,0.6958333333333333,0.7166666666666667
