,train_acc,test_acc
0,0.9833333333333333,0.9666666666666667
1,0.9833333333333333,1.0
2,0.9291666666666667,0.95
3,0.9791666666666666,1.0
4,0.975,0.95
