,train_acc,test_acc
0,0.725,0.7333333333333333
1,0.7541666666666667,0.7333333333333333
2,0.75,0.6666666666666666
3,0.7583333333333333,0.8166666666666667
4,0.6833333333333333,0.75
