,train_acc,test_acc
0,0.925,0.85
1,0.9458333333333333,0.95
2,0.9166666666666666,0.9333333333333333
3,0.9416666666666667,0.9
4,0.9375,0.8666666666666667
