,train_acc,test_acc
0,0.9416666666666667,0.95
1,0.9041666666666667,0.9
2,0.9125,0.8666666666666667
3,0.9166666666666666,0.9166666666666666
4,0.9375,0.9666666666666667
