,train_acc,test_acc
0,0.8541666666666666,0.75
1,0.9125,0.8166666666666667
2,0.8791666666666667,0.8833333333333333
3,0.8541666666666666,0.7833333333333333
4,0.8291666666666667,0.7666666666666667
