,train_acc,test_acc
0,0.875,0.9166666666666666
1,0.9208333333333333,0.95
2,0.9458333333333333,0.9666666666666667
3,0.9333333333333333,0.9666666666666667
4,0.925,0.7666666666666667
