,train_acc,test_acc
0,0.9083333333333333,0.85
1,0.8291666666666667,0.8333333333333334
2,0.8791666666666667,0.8666666666666667
3,0.8916666666666667,0.8833333333333333
4,0.8041666666666667,0.8833333333333333
