,train_acc,test_acc
0,0.8583333333333333,0.8333333333333334
1,0.8375,0.85
2,0.8916666666666667,0.85
3,0.9041666666666667,0.8333333333333334
4,0.8291666666666667,0.7666666666666667
