,train_acc,test_acc
0,0.9666666666666667,0.9
1,0.9291666666666667,0.8333333333333334
2,0.95,0.8166666666666667
3,0.95,0.8833333333333333
4,0.95,0.8333333333333334
