,train_acc,test_acc
0,0.6833333333333333,0.6666666666666666
1,0.6583333333333333,0.6
2,0.65,0.6166666666666667
3,0.6833333333333333,0.65
4,0.6958333333333333,0.6333333333333333
