,train_acc,test_acc
0,0.8375,0.75
1,0.85,0.7666666666666667
2,0.8083333333333333,0.8
3,0.7791666666666667,0.8
4,0.8375,0.75
