,train_acc,test_acc
0,0.7833333333333333,0.65
1,0.8458333333333333,0.8333333333333334
2,0.7458333333333333,0.7166666666666667
3,0.7875,0.6833333333333333
4,0.8,0.5666666666666667
