,train_acc,test_acc
0,0.8041666666666667,0.75
1,0.7208333333333333,0.5166666666666667
2,0.7833333333333333,0.65
3,0.7416666666666667,0.6833333333333333
4,0.8333333333333334,0.65
