,train_acc,test_acc
0,0.725,0.6833333333333333
1,0.7333333333333333,0.6166666666666667
2,0.7583333333333333,0.7
3,0.7708333333333334,0.7
4,0.7625,0.7
