,train_acc,test_acc
0,0.825,0.75
1,0.8208333333333333,0.85
2,0.8583333333333333,0.9166666666666666
3,0.8416666666666667,0.8666666666666667
4,0.8291666666666667,0.9
