,mean_fit_time,std_fit_time,mean_score_time,std_score_time,param_C,param_repeats,params,split0_test_accuracy,split1_test_accuracy,split2_test_accuracy,split3_test_accuracy,split4_test_accuracy,mean_test_accuracy,std_test_accuracy,rank_test_accuracy,split0_test_roc_auc,split1_test_roc_auc,split2_test_roc_auc,split3_test_roc_auc,split4_test_roc_auc,mean_test_roc_auc,std_test_roc_auc,rank_test_roc_auc
0,289.6136287212372,12.283265669206315,148.9908763885498,6.794216068431552,1.0,5,"{'C': 1.0, 'repeats': 5}",0.9791666666666666,0.9583333333333334,0.8958333333333334,0.9791666666666666,0.9166666666666666,0.9458333333333334,0.03385016001931649,1,0.9947916666666667,0.9895833333333334,0.9756944444444444,1.0,0.9860869565217392,0.9892312801932368,0.00824790711471525,1
