,train_acc,test_acc
0,0.9586218836565097,0.9542586750788643
1,0.9658067867036011,0.9652996845425867
2,0.9653739612188366,0.96267087276551
3,0.9616516620498615,0.9574132492113565
4,0.9645948753462604,0.9574132492113565
