,train_acc,test_acc
0,0.9641620498614959,0.9631966351209253
1,0.957409972299169,0.9574132492113565
2,0.9606994459833795,0.9600420609884333
3,0.9613919667590027,0.9595162986330179
4,0.9592278393351801,0.955310199789695
