,train_acc,test_acc
0,0.9574965373961218,0.9584647739221872
1,0.9503116343490304,0.953732912723449
2,0.9575831024930748,0.9563617245005258
3,0.9546398891966759,0.9526813880126183
4,0.9557652354570637,0.9558359621451105
