,train_acc,test_acc
0,0.9718663434903048,0.9689800210304942
1,0.9676246537396122,0.96267087276551
2,0.9689231301939059,0.9637223974763407
3,0.9705678670360111,0.9663512092534174
4,0.972558864265928,0.9721345951629863
