,train_acc,test_acc
0,0.7339854570637119,0.7323869610935857
1,0.7302631578947368,0.731335436382755
2,0.7338123268698061,0.7344900105152471
3,0.731042243767313,0.7318611987381703
4,0.7327735457063712,0.7308096740273397
