,train_acc,test_acc
0,0.9735976454293629,0.9737118822292324
1,0.9742901662049861,0.9763406940063092
2,0.9707409972299169,0.973186119873817
3,0.9686634349030471,0.9695057833859095
4,0.9712603878116344,0.9674027339642481
