,train_acc,test_acc
0,0.9634695290858726,0.9637223974763407
1,0.9603531855955678,0.9589905362776026
2,0.9643351800554016,0.9600420609884333
3,0.9646814404432132,0.9595162986330179
4,0.9549861495844876,0.9516298633017876
