,train_acc,test_acc
0,0.9707409972299169,0.9705573080967402
1,0.9700484764542936,0.9705573080967402
2,0.9646814404432132,0.9631966351209253
3,0.9670186980609419,0.964248159831756
4,0.9685768698060941,0.9658254468980021
