,train_acc,test_acc
0,0.8,0.85
1,0.8458333333333333,0.8833333333333333
2,0.8541666666666666,0.85
3,0.875,0.8666666666666667
4,0.8791666666666667,0.8833333333333333
