,train_acc,test_acc
0,0.9333333333333333,0.95
1,0.9333333333333333,0.9333333333333333
2,0.9083333333333333,0.8333333333333334
3,0.9083333333333333,0.95
4,0.9333333333333333,0.9
