,train_acc,test_acc
0,0.9291666666666667,0.9833333333333333
1,0.8,0.8666666666666667
2,0.9291666666666667,0.9333333333333333
3,0.975,0.95
4,0.9333333333333333,0.9666666666666667
