,train_acc,test_acc
0,1.0,1.0
1,1.0,1.0
2,0.9958333333333333,1.0
3,0.85,0.8333333333333334
4,0.9958333333333333,1.0
