,train_acc,test_acc
0,0.7791666666666667,0.7333333333333333
1,0.7791666666666667,0.7333333333333333
2,0.7791666666666667,0.7333333333333333
3,0.7791666666666667,0.7333333333333333
4,0.7791666666666667,0.7333333333333333
