,train_acc,test_acc
0,0.8916666666666667,0.7
1,0.8916666666666667,0.7
2,0.8916666666666667,0.7
3,0.8916666666666667,0.7
4,0.8916666666666667,0.7
