,train_acc,test_acc
0,0.7666666666666667,0.7333333333333333
1,0.8,0.8
2,0.8125,0.8166666666666667
3,0.8,0.7833333333333333
4,0.775,0.7833333333333333
