,train_acc,test_acc
0,0.9625,0.95
1,0.9666666666666667,0.9666666666666667
2,0.9708333333333333,0.95
3,0.975,0.9666666666666667
4,0.9666666666666667,0.9666666666666667
