,train_acc,test_acc
0,0.925,0.8166666666666667
1,0.9125,0.9
2,0.9041666666666667,0.8833333333333333
3,0.9,0.85
4,0.9166666666666666,0.85
