,train_acc,test_acc
0,0.9208333333333333,0.8833333333333333
1,0.95,0.8833333333333333
2,0.9333333333333333,0.8666666666666667
3,0.9,0.7833333333333333
4,0.9416666666666667,0.9333333333333333
