,train_acc,test_acc
0,0.95,0.9666666666666667
1,0.9666666666666667,0.95
2,0.9375,0.9166666666666666
3,0.9541666666666667,0.9666666666666667
4,0.9333333333333333,0.9333333333333333
