,train_acc,test_acc
0,0.9166666666666666,0.8833333333333333
1,0.9125,0.8333333333333334
2,0.925,0.8333333333333334
3,0.9291666666666667,0.9166666666666666
4,0.9375,0.8666666666666667
