,train_acc,test_acc
0,0.8666666666666667,0.8333333333333334
1,0.9208333333333333,0.9333333333333333
2,0.875,0.9166666666666666
3,0.9041666666666667,0.9166666666666666
4,0.8916666666666667,0.8833333333333333
