,train_acc,test_acc
0,0.9541666666666667,0.9166666666666666
1,0.9416666666666667,0.9166666666666666
2,0.9583333333333334,0.8833333333333333
3,0.9541666666666667,0.9166666666666666
4,0.9583333333333334,0.9333333333333333
