,train_acc,test_acc
0,0.9583333333333334,0.8833333333333333
1,0.9458333333333333,0.8166666666666667
2,0.95,0.9
3,0.9458333333333333,0.8666666666666667
4,0.9625,0.8666666666666667
