,train_acc,test_acc
0,0.7791666666666667,0.7333333333333333
1,0.6583333333333333,0.7
2,0.7791666666666667,0.7
3,0.8166666666666667,0.7166666666666667
4,0.6791666666666667,0.65
