,train_acc,test_acc
0,0.8791666666666667,0.85
1,0.8791666666666667,0.8333333333333334
2,0.8916666666666667,0.8666666666666667
3,0.925,0.9166666666666666
4,0.9,0.8
