,train_acc,test_acc
0,0.95,0.9333333333333333
1,0.9666666666666667,0.95
2,0.9666666666666667,0.95
3,0.95,0.9333333333333333
4,0.9625,1.0
