,train_acc,test_acc
0,0.9041666666666667,0.8833333333333333
1,0.9125,0.8333333333333334
2,0.8791666666666667,0.85
3,0.8958333333333334,0.85
4,0.8875,0.8333333333333334
