,train_acc,test_acc
0,0.8041666666666667,0.7166666666666667
1,0.8125,0.7166666666666667
2,0.8291666666666667,0.6833333333333333
3,0.8125,0.7166666666666667
4,0.8166666666666667,0.7833333333333333
