,train_acc,test_acc
0,0.775,0.7166666666666667
1,0.7875,0.7166666666666667
2,0.8083333333333333,0.7166666666666667
3,0.7958333333333333,0.7166666666666667
4,0.7833333333333333,0.6833333333333333
