,train_acc,test_acc
0,0.85,0.8333333333333334
1,0.9,0.9
2,0.8875,0.8833333333333333
3,0.8875,0.9
4,0.8833333333333333,0.9166666666666666
