,train_acc,test_acc
0,0.8458333333333333,0.7833333333333333
1,0.8666666666666667,0.8
2,0.8625,0.75
3,0.825,0.8
4,0.85,0.7833333333333333
