,train_acc,test_acc
0,0.75,0.6166666666666667
1,0.7416666666666667,0.6833333333333333
2,0.7333333333333333,0.65
3,0.7375,0.6833333333333333
4,0.725,0.65
