,train_acc,test_acc
0,0.8083333333333333,0.8666666666666667
1,0.825,0.8666666666666667
2,0.8333333333333334,0.8833333333333333
3,0.825,0.8333333333333334
4,0.8125,0.7833333333333333
