,train_acc,test_acc
0,0.8541666666666666,0.8333333333333334
1,0.8791666666666667,0.8666666666666667
2,0.875,0.85
3,0.8791666666666667,0.8666666666666667
4,0.85,0.8666666666666667
