,train_acc,test_acc
0,0.8833333333333333,0.8166666666666667
1,0.8833333333333333,0.7666666666666667
2,0.8583333333333333,0.8
3,0.875,0.7666666666666667
4,0.8916666666666667,0.7833333333333333
