,train_acc,test_acc
0,0.7041666666666667,0.65
1,0.7,0.6333333333333333
2,0.7166666666666667,0.6666666666666666
3,0.7125,0.6333333333333333
4,0.7,0.6166666666666667
