,train_acc,test_acc
0,0.875,0.7333333333333333
1,0.8583333333333333,0.75
2,0.8625,0.7833333333333333
3,0.8875,0.7833333333333333
4,0.875,0.7
