,train_acc,test_acc
0,0.7333333333333333,0.55
1,0.7083333333333334,0.5333333333333333
2,0.7291666666666666,0.55
3,0.725,0.5166666666666667
4,0.7291666666666666,0.5166666666666667
