,train_acc,test_acc
0,0.7833333333333333,0.6333333333333333
1,0.7625,0.6166666666666667
2,0.7833333333333333,0.7166666666666667
3,0.8541666666666666,0.6666666666666666
4,0.775,0.6166666666666667
