,train_acc,test_acc
0,0.9,0.75
1,0.9,0.7333333333333333
2,0.875,0.75
3,0.9125,0.7666666666666667
4,0.9041666666666667,0.8
