,train_acc,test_acc
0,0.5541666666666667,0.6166666666666667
1,0.5625,0.5833333333333334
2,0.575,0.5666666666666667
3,0.5875,0.5666666666666667
4,0.44166666666666665,0.4166666666666667
