,train_acc,test_acc
0,0.9083333333333333,0.7
1,0.9125,0.6333333333333333
2,0.9041666666666667,0.6
3,0.8791666666666667,0.65
4,0.9,0.6166666666666667
