,train_acc,test_acc
0,0.9041666666666667,0.5
1,0.9083333333333333,0.5666666666666667
2,0.9125,0.6166666666666667
3,0.9083333333333333,0.6333333333333333
4,0.8916666666666667,0.5666666666666667
