,train_acc,test_acc
0,0.95,0.9666666666666667
1,0.95,0.9666666666666667
2,0.9416666666666667,0.9833333333333333
3,0.9625,0.9666666666666667
4,0.9541666666666667,0.9833333333333333
