,train_acc,test_acc
0,0.6583333333333333,0.5333333333333333
1,0.6375,0.7333333333333333
2,0.5958333333333333,0.55
3,0.6791666666666667,0.5333333333333333
4,0.7333333333333333,0.6666666666666666
