,train_acc,test_acc
0,0.975,0.9333333333333333
1,0.9625,0.9666666666666667
2,0.9833333333333333,0.9166666666666666
3,0.95,0.95
4,0.9666666666666667,0.8833333333333333
