,train_acc,test_acc
0,0.8958333333333334,0.7166666666666667
1,0.925,0.65
2,0.9375,0.6833333333333333
3,0.9125,0.8
4,0.9291666666666667,0.7666666666666667
