,train_acc,test_acc
0,0.65,0.5
1,0.5875,0.55
2,0.6375,0.5333333333333333
3,0.6583333333333333,0.48333333333333334
4,0.5916666666666667,0.43333333333333335
