,train_acc,test_acc
0,0.45,0.55
1,0.49166666666666664,0.45
2,0.5333333333333333,0.5
3,0.5041666666666667,0.43333333333333335
4,0.45,0.4666666666666667
