,train_acc,test_acc
0,0.6166666666666667,0.5166666666666667
1,0.6,0.55
2,0.65,0.5166666666666667
3,0.6583333333333333,0.5833333333333334
4,0.7,0.7666666666666667
