,train_acc,test_acc
0,0.875,0.5833333333333334
1,0.8958333333333334,0.5333333333333333
2,0.8625,0.4
3,0.9041666666666667,0.48333333333333334
4,0.8791666666666667,0.55
