,train_acc,test_acc
0,0.9416666666666667,0.5
1,0.8791666666666667,0.4
2,0.9125,0.5166666666666667
3,0.9,0.4166666666666667
4,0.8166666666666667,0.5333333333333333
