,train_acc,test_acc
0,0.4625,0.5
1,0.5208333333333334,0.4666666666666667
2,0.5125,0.55
3,0.5375,0.5166666666666667
4,0.5916666666666667,0.48333333333333334
