,train_acc,test_acc
0,0.8833333333333333,0.5
1,0.8875,0.45
2,0.9041666666666667,0.45
3,0.9041666666666667,0.5666666666666667
4,0.8541666666666666,0.4166666666666667
