,train_acc,test_acc
0,0.9208333333333333,0.8166666666666667
1,0.9166666666666666,0.8333333333333334
2,0.9208333333333333,0.8666666666666667
3,0.9083333333333333,0.7833333333333333
4,0.9125,0.8
