,train_acc,test_acc
0,0.9083333333333333,0.7333333333333333
1,0.9583333333333334,0.75
2,0.9541666666666667,0.7666666666666667
3,0.9166666666666666,0.7666666666666667
4,0.9583333333333334,0.8
