,train_acc,test_acc
0,0.6875,0.5
1,0.6208333333333333,0.48333333333333334
2,0.6041666666666666,0.5166666666666667
3,0.6541666666666667,0.5166666666666667
4,0.65,0.55
