,train_acc,test_acc
0,0.9291666666666667,0.6166666666666667
1,0.9208333333333333,0.6166666666666667
2,0.8875,0.6
3,0.9291666666666667,0.55
4,0.9125,0.6833333333333333
