,train_acc,test_acc
0,0.8791666666666667,0.5833333333333334
1,0.8541666666666666,0.48333333333333334
2,0.9,0.6833333333333333
3,0.8833333333333333,0.5666666666666667
4,0.8625,0.6
