,train_acc,test_acc
0,0.9125,0.5833333333333334
1,0.9166666666666666,0.6
2,0.9166666666666666,0.65
3,0.9333333333333333,0.7
4,0.9083333333333333,0.6
