,train_acc,test_acc
0,0.8208333333333333,0.8
1,0.8208333333333333,0.8
2,0.8208333333333333,0.8
3,0.8208333333333333,0.8
4,0.8208333333333333,0.8
