,train_acc,test_acc
0,0.9357686980609419,0.9353312302839116
1,0.929968836565097,0.9395373291272345
2,0.9378462603878116,0.9416403785488959
3,0.934729916897507,0.9390115667718192
4,0.935595567867036,0.9369085173501577
