,train_acc,test_acc
0,0.9639023545706371,0.9584647739221872
1,0.9506578947368421,0.9574132492113565
2,0.9597472299168975,0.9600420609884333
3,0.953601108033241,0.9526813880126183
4,0.9475415512465374,0.9495268138801262
