,train_acc,test_acc
0,0.9628635734072022,0.96267087276551
1,0.9626904432132964,0.96267087276551
2,0.9629501385041551,0.9568874868559412
3,0.9618247922437673,0.9579390115667719
4,0.9613054016620498,0.9605678233438486
