,train_acc,test_acc
0,0.9555921052631579,0.9595162986330179
1,0.9548995844875346,0.9568874868559412
2,0.9548995844875346,0.9563617245005258
3,0.9538608033240997,0.9563617245005258
4,0.9561114958448753,0.9568874868559412
