,train_acc,test_acc
0,0.7295706371191135,0.7250262881177708
1,0.7247229916897507,0.722397476340694
2,0.7167590027700831,0.7097791798107256
3,0.7402181440443213,0.7334384858044164
4,0.7299168975069252,0.7292323869610936
