,train_acc,test_acc
0,0.8164819944598338,0.814931650893796
1,0.7886080332409973,0.7965299684542587
2,0.8112015235457064,0.8086225026288117
3,0.8014196675900277,0.8128286014721346
4,0.8125,0.8180862250262881
