,train_acc,test_acc
0,1.0,0.8833333333333333
1,1.0,0.8833333333333333
2,1.0,0.8833333333333333
3,1.0,0.8833333333333333
4,1.0,0.8833333333333333
