,train_acc,test_acc
0,0.9958333333333333,0.7
1,0.9958333333333333,0.7
2,0.9958333333333333,0.7
3,0.9958333333333333,0.7
4,0.9958333333333333,0.7
