,train_acc,test_acc
0,1.0,0.5833333333333334
1,1.0,0.5833333333333334
2,1.0,0.5833333333333334
3,1.0,0.5833333333333334
4,1.0,0.5833333333333334
