,train_acc,test_acc
0,0.7416666666666667,0.8
1,0.7208333333333333,0.75
2,0.7541666666666667,0.7833333333333333
3,0.7125,0.7833333333333333
4,0.7458333333333333,0.7166666666666667
