,train_acc,test_acc
0,0.7375,0.7333333333333333
1,0.7583333333333333,0.75
2,0.7791666666666667,0.7666666666666667
3,0.7708333333333334,0.7166666666666667
4,0.7333333333333333,0.75
