,train_acc,test_acc
0,0.6916666666666667,0.7333333333333333
1,0.6958333333333333,0.6833333333333333
2,0.7041666666666667,0.7
3,0.6833333333333333,0.7333333333333333
4,0.6958333333333333,0.7
