,train_acc,test_acc
0,0.8791666666666667,0.9333333333333333
1,0.8791666666666667,0.9333333333333333
2,0.8833333333333333,0.95
3,0.8666666666666667,0.9166666666666666
4,0.875,0.9166666666666666
