,train_acc,test_acc
0,0.8125,0.7166666666666667
1,0.7958333333333333,0.75
2,0.8166666666666667,0.75
3,0.7583333333333333,0.7166666666666667
4,0.8125,0.7
