,train_acc,test_acc
0,0.7958333333333333,0.7666666666666667
1,0.7875,0.8166666666666667
2,0.7833333333333333,0.8333333333333334
3,0.8166666666666667,0.7666666666666667
4,0.7958333333333333,0.8
