,train_acc,test_acc
0,0.7416666666666667,0.5833333333333334
1,0.7541666666666667,0.65
2,0.75,0.6666666666666666
3,0.7458333333333333,0.6666666666666666
4,0.7416666666666667,0.6833333333333333
