,train_acc,test_acc
0,0.775,0.6833333333333333
1,0.8208333333333333,0.7
2,0.8,0.6833333333333333
3,0.825,0.65
4,0.825,0.6166666666666667
