,train_acc,test_acc
0,0.8291666666666667,0.75
1,0.85,0.7833333333333333
2,0.85,0.7833333333333333
3,0.8458333333333333,0.7833333333333333
4,0.8458333333333333,0.7833333333333333
