,train_acc,test_acc
0,0.7291666666666666,0.65
1,0.6583333333333333,0.65
2,0.7291666666666666,0.65
3,0.7291666666666666,0.6833333333333333
4,0.7166666666666667,0.65
