,train_acc,test_acc
0,0.9291666666666667,0.9833333333333333
1,1.0,1.0
2,1.0,1.0
3,0.9708333333333333,0.9833333333333333
4,0.9458333333333333,0.9833333333333333
