,train_acc,test_acc
0,0.9875,0.9833333333333333
1,1.0,1.0
2,0.9875,0.95
3,1.0,1.0
4,0.9958333333333333,1.0
