,train_acc,test_acc
0,0.7708333333333334,0.7333333333333333
1,0.7458333333333333,0.6833333333333333
2,0.75,0.65
3,0.7541666666666667,0.7
4,0.7458333333333333,0.6666666666666666
