,train_acc,test_acc
0,0.75,0.7
1,0.7833333333333333,0.75
2,0.75,0.7
3,0.7666666666666667,0.7166666666666667
4,0.7541666666666667,0.7
