,train_acc,test_acc
0,0.9,0.8666666666666667
1,0.8833333333333333,0.8666666666666667
2,0.8708333333333333,0.8166666666666667
3,0.8958333333333334,0.85
4,0.9,0.8
