,train_acc,test_acc
0,0.7541666666666667,0.7833333333333333
1,0.7416666666666667,0.75
2,0.7708333333333334,0.75
3,0.7041666666666667,0.7333333333333333
4,0.7041666666666667,0.6833333333333333
