,train_acc,test_acc
0,0.6833333333333333,0.7333333333333333
1,0.6875,0.6833333333333333
2,0.675,0.6833333333333333
3,0.6916666666666667,0.65
4,0.6833333333333333,0.65
