,train_acc,test_acc
0,0.7333333333333333,0.75
1,0.7541666666666667,0.75
2,0.7333333333333333,0.7333333333333333
3,0.7583333333333333,0.75
4,0.7208333333333333,0.7666666666666667
