,train_acc,test_acc
0,0.8375,0.9
1,0.825,0.8666666666666667
2,0.8541666666666666,0.95
3,0.8125,0.8833333333333333
4,0.85,0.9
