,train_acc,test_acc
0,0.8541666666666666,0.8833333333333333
1,0.8416666666666667,0.8333333333333334
2,0.8416666666666667,0.8666666666666667
3,0.8375,0.7833333333333333
4,0.8333333333333334,0.8
