,train_acc,test_acc
0,0.775,0.8
1,0.7875,0.8
2,0.7916666666666666,0.8166666666666667
3,0.775,0.8
4,0.8,0.8
