,train_acc,test_acc
0,0.7875,0.8
1,0.8083333333333333,0.8
2,0.8041666666666667,0.7833333333333333
3,0.7916666666666666,0.7666666666666667
4,0.8041666666666667,0.7833333333333333
