,train_acc,test_acc
0,0.7625,0.8333333333333334
1,0.7583333333333333,0.8
2,0.7666666666666667,0.8
3,0.7666666666666667,0.8166666666666667
4,0.7375,0.8333333333333334
