,train_acc,test_acc
0,0.7708333333333334,0.7333333333333333
1,0.7625,0.7
2,0.7458333333333333,0.8
3,0.7625,0.7166666666666667
4,0.7375,0.7333333333333333
