,train_acc,test_acc
0,0.6708333333333333,0.43333333333333335
1,0.775,0.75
2,0.8458333333333333,0.7833333333333333
3,0.8125,0.7166666666666667
4,0.675,0.5166666666666667
