,train_acc,test_acc
0,0.8375,0.75
1,0.825,0.7333333333333333
2,0.8333333333333334,0.7666666666666667
3,0.825,0.75
4,0.8166666666666667,0.75
