,train_acc,test_acc
0,0.9791666666666666,0.8833333333333333
1,0.95,0.9166666666666666
2,0.9791666666666666,0.8166666666666667
3,0.9875,0.8166666666666667
4,0.9833333333333333,0.8833333333333333
