,train_acc,test_acc
0,0.9083333333333333,0.95
1,0.9583333333333334,1.0
2,0.9583333333333334,0.9833333333333333
3,0.95,0.9333333333333333
4,0.95,0.95
