,train_acc,test_acc
0,0.8708333333333333,0.7666666666666667
1,0.8833333333333333,0.8
2,0.9,0.8
3,0.8875,0.7833333333333333
4,0.9208333333333333,0.8
