,train_acc,test_acc
0,0.7833333333333333,0.75
1,0.8083333333333333,0.75
2,0.7458333333333333,0.7833333333333333
3,0.8125,0.7333333333333333
4,0.775,0.7833333333333333
