,train_acc,test_acc
0,0.7666666666666667,0.75
1,0.7666666666666667,0.75
2,0.7666666666666667,0.75
3,0.7666666666666667,0.75
4,0.7458333333333333,0.7666666666666667
