,train_acc,test_acc
0,0.8958333333333334,0.75
1,0.8791666666666667,0.8
2,0.9041666666666667,0.8166666666666667
3,0.9458333333333333,0.85
4,0.8875,0.85
