,train_acc,test_acc
0,0.8333333333333334,0.85
1,0.8708333333333333,0.8333333333333334
2,0.8291666666666667,0.85
3,0.8416666666666667,0.7833333333333333
4,0.8625,0.9
