,train_acc,test_acc
0,0.7833333333333333,0.6666666666666666
1,0.8083333333333333,0.7333333333333333
2,0.7875,0.7333333333333333
3,0.8208333333333333,0.65
4,0.8,0.7333333333333333
