,train_acc,test_acc
0,0.9958333333333333,0.95
1,0.9958333333333333,0.9333333333333333
2,0.9958333333333333,0.9333333333333333
3,0.9916666666666667,0.9
4,1.0,0.95
