,train_acc,test_acc
0,0.9625,0.7
1,0.9625,0.6833333333333333
2,0.9458333333333333,0.7666666666666667
3,0.9416666666666667,0.75
4,0.9375,0.6833333333333333
