,train_acc,test_acc
0,0.6208333333333333,0.65
1,0.6,0.55
2,0.6083333333333333,0.6166666666666667
3,0.6,0.55
4,0.6166666666666667,0.55
