,train_acc,test_acc
0,0.9375,0.85
1,0.9333333333333333,0.8333333333333334
2,0.9375,0.8666666666666667
3,0.9541666666666667,0.8666666666666667
4,0.9416666666666667,0.8333333333333334
