,train_acc,test_acc
0,0.8833333333333333,0.8
1,0.9041666666666667,0.8166666666666667
2,0.9083333333333333,0.7666666666666667
3,0.9125,0.7666666666666667
4,0.8958333333333334,0.75
