,train_acc,test_acc
0,0.9625,0.9166666666666666
1,0.95,0.85
2,0.9666666666666667,0.8833333333333333
3,0.9458333333333333,0.8666666666666667
4,0.9458333333333333,0.8666666666666667
