,train_acc,test_acc
0,0.9,0.7166666666666667
1,0.9208333333333333,0.7833333333333333
2,0.9208333333333333,0.6333333333333333
3,0.9416666666666667,0.75
4,0.8958333333333334,0.65
