,train_acc,test_acc
0,0.8916666666666667,0.8166666666666667
1,0.8875,0.8
2,0.9333333333333333,0.8333333333333334
3,0.9416666666666667,0.8333333333333334
4,0.9291666666666667,0.85
