,train_acc,test_acc
0,0.8416666666666667,0.65
1,0.8791666666666667,0.65
2,0.9041666666666667,0.6666666666666666
3,0.8708333333333333,0.6333333333333333
4,0.8583333333333333,0.65
