,train_acc,test_acc
0,0.8333333333333334,0.5833333333333334
1,0.9,0.7
2,0.8625,0.7166666666666667
3,0.9041666666666667,0.6833333333333333
4,0.9208333333333333,0.8
