,train_acc,test_acc
0,0.8708333333333333,0.7
1,0.9166666666666666,0.75
2,0.8875,0.7666666666666667
3,0.8708333333333333,0.7333333333333333
4,0.9333333333333333,0.8333333333333334
