,train_acc,test_acc
0,0.9875,0.9333333333333333
1,0.9541666666666667,0.9
2,0.95,0.9166666666666666
3,0.95,0.9
4,0.9875,0.9333333333333333
