,train_acc,test_acc
0,0.7,0.6
1,0.6833333333333333,0.6166666666666667
2,0.7,0.6166666666666667
3,0.575,0.55
4,0.6125,0.5833333333333334
