,train_acc,test_acc
0,0.5875,0.6166666666666667
1,0.6583333333333333,0.55
2,0.6583333333333333,0.55
3,0.6625,0.6166666666666667
4,0.6416666666666667,0.5666666666666667
