,train_acc,test_acc
0,0.8625,0.6
1,0.8625,0.6166666666666667
2,0.8666666666666667,0.65
3,0.8666666666666667,0.6833333333333333
4,0.825,0.5833333333333334
