,train_acc,test_acc
0,0.8958333333333334,0.8
1,0.8958333333333334,0.7666666666666667
2,0.8875,0.7833333333333333
3,0.9125,0.7666666666666667
4,0.8708333333333333,0.7666666666666667
