,train_acc,test_acc
0,0.8291666666666667,0.7166666666666667
1,0.8125,0.7
2,0.8125,0.7
3,0.8208333333333333,0.7333333333333333
4,0.8375,0.7333333333333333
