,train_acc,test_acc
0,0.8,0.7833333333333333
1,0.8125,0.6166666666666667
2,0.7958333333333333,0.6166666666666667
3,0.8,0.7
4,0.7583333333333333,0.6
