,train_acc,test_acc
0,0.7458333333333333,0.7333333333333333
1,0.7458333333333333,0.6666666666666666
2,0.675,0.6833333333333333
3,0.6833333333333333,0.6166666666666667
4,0.7791666666666667,0.6666666666666666
