,train_acc,test_acc
0,0.8916666666666667,0.6666666666666666
1,0.8333333333333334,0.7
2,0.85,0.7333333333333333
3,0.8333333333333334,0.7833333333333333
4,0.8458333333333333,0.6833333333333333
