,train_acc,test_acc
0,0.6125,0.48333333333333334
1,0.5583333333333333,0.4166666666666667
2,0.6833333333333333,0.55
3,0.6958333333333333,0.5333333333333333
4,0.6791666666666667,0.5166666666666667
