,train_acc,test_acc
0,0.7416666666666667,0.6666666666666666
1,0.7458333333333333,0.5
2,0.7666666666666667,0.5333333333333333
3,0.7625,0.5833333333333334
4,0.8083333333333333,0.48333333333333334
