,train_acc,test_acc
0,0.8333333333333334,0.7166666666666667
1,0.8166666666666667,0.7
2,0.8416666666666667,0.7
3,0.8583333333333333,0.7166666666666667
4,0.8375,0.6833333333333333
