,train_acc,test_acc
0,0.8083333333333333,0.6166666666666667
1,0.8166666666666667,0.75
2,0.8541666666666666,0.7666666666666667
3,0.7708333333333334,0.7166666666666667
4,0.7458333333333333,0.6833333333333333
