,train_acc,test_acc
0,0.825,0.75
1,0.7833333333333333,0.7166666666666667
2,0.775,0.7166666666666667
3,0.7708333333333334,0.6166666666666667
4,0.775,0.7333333333333333
