,train_acc,test_acc
0,0.6458333333333334,0.6666666666666666
1,0.5208333333333334,0.55
2,0.6458333333333334,0.6666666666666666
3,0.5875,0.5666666666666667
4,0.6625,0.5666666666666667
