,train_acc,test_acc
0,0.8791666666666667,0.85
1,0.875,0.8333333333333334
2,0.8791666666666667,0.85
3,0.8708333333333333,0.8166666666666667
4,0.8791666666666667,0.85
