,train_acc,test_acc
0,0.8541666666666666,0.8833333333333333
1,0.8458333333333333,0.8833333333333333
2,0.8541666666666666,0.85
3,0.8458333333333333,0.85
4,0.8208333333333333,0.85
