,train_acc,test_acc
0,0.825,0.7833333333333333
1,0.8208333333333333,0.7666666666666667
2,0.8208333333333333,0.8166666666666667
3,0.825,0.8
4,0.8208333333333333,0.8
