,train_acc,test_acc
0,0.725,0.5333333333333333
1,0.725,0.5333333333333333
2,0.75,0.5666666666666667
3,0.7375,0.5666666666666667
4,0.75,0.5833333333333334
