,train_acc,test_acc
0,0.6083333333333333,0.6
1,0.6583333333333333,0.5833333333333334
2,0.5916666666666667,0.55
3,0.5958333333333333,0.6
4,0.5583333333333333,0.5666666666666667
