,train_acc,test_acc
0,0.8291666666666667,0.8
1,0.8291666666666667,0.8
2,0.825,0.7833333333333333
3,0.8333333333333334,0.8
4,0.825,0.8
