,train_acc,test_acc
0,0.85,0.8833333333333333
1,0.8541666666666666,0.9166666666666666
2,0.8375,0.8666666666666667
3,0.8458333333333333,0.8666666666666667
4,0.8541666666666666,0.9
