,train_acc,test_acc
0,0.8208333333333333,0.65
1,0.8583333333333333,0.7166666666666667
2,0.8375,0.6
3,0.8083333333333333,0.5333333333333333
4,0.8666666666666667,0.6666666666666666
