,train_acc,test_acc
0,0.8833333333333333,0.8333333333333334
1,0.8791666666666667,0.8333333333333334
2,0.7916666666666666,0.8166666666666667
3,0.875,0.7833333333333333
4,0.8875,0.8333333333333334
