,train_acc,test_acc
0,0.8291666666666667,0.7833333333333333
1,0.8416666666666667,0.8333333333333334
2,0.8458333333333333,0.8
3,0.825,0.7166666666666667
4,0.8625,0.8
