,train_acc,test_acc
0,0.7791666666666667,0.75
1,0.7916666666666666,0.7833333333333333
2,0.7541666666666667,0.6833333333333333
3,0.7666666666666667,0.75
4,0.85,0.8
