,train_acc,test_acc
0,0.8125,0.7
1,0.7833333333333333,0.6833333333333333
2,0.825,0.7333333333333333
3,0.8166666666666667,0.8333333333333334
4,0.8,0.6666666666666666
