,train_acc,test_acc
0,0.9508310249307479,0.9511041009463722
1,0.9465893351800554,0.9511041009463722
2,0.9490131578947368,0.9521556256572029
3,0.945031163434903,0.9484752891692955
4,0.9474549861495845,0.9495268138801262
