,train_acc,test_acc
0,0.948840027700831,0.9500525762355415
1,0.9477146814404432,0.9490010515247108
2,0.9535145429362881,0.9526813880126183
3,0.9520429362880887,0.9521556256572029
4,0.9490997229916898,0.9547844374342797
