,train_acc,test_acc
0,0.799255540166205,0.8138801261829653
1,0.803064404432133,0.8017875920084122
2,0.7982167590027701,0.8028391167192429
3,0.7757963988919667,0.7649842271293376
4,0.8042763157894737,0.8023133543638276
