,train_acc,test_acc
0,0.9475415512465374,0.9490010515247108
1,0.9452042936288089,0.9479495268138801
2,0.9487534626038782,0.9521556256572029
3,0.9501385041551247,0.9558359621451105
4,0.9438192520775623,0.9474237644584648
