,train_acc,test_acc
0,0.9515235457063712,0.9505783385909569
1,0.9508310249307479,0.9516298633017876
2,0.9492728531855956,0.9500525762355415
3,0.9424342105263158,0.943217665615142
4,0.9470221606648199,0.9484752891692955
