,train_acc,test_acc
0,0.9482340720221607,0.9526813880126183
1,0.9401835180055401,0.9426919032597266
2,0.9536876731301939,0.9490010515247108
3,0.9474549861495845,0.9468980021030494
4,0.9512638504155124,0.953732912723449
