,train_acc,test_acc
0,0.9958333333333333,0.8666666666666667
1,0.9458333333333333,0.85
2,0.9916666666666667,0.75
3,0.9916666666666667,0.8666666666666667
4,1.0,0.8333333333333334
