,train_acc,test_acc
0,0.9,0.75
1,0.9208333333333333,0.8
2,0.8791666666666667,0.7666666666666667
3,0.8958333333333334,0.7666666666666667
4,0.8791666666666667,0.75
