,train_acc,test_acc
0,1.0,0.8166666666666667
1,0.9875,0.8333333333333334
2,0.9625,0.8333333333333334
3,1.0,0.9
4,0.9958333333333333,0.85
