,train_acc,test_acc
0,1.0,0.9
1,1.0,0.8166666666666667
2,1.0,0.8333333333333334
3,1.0,0.7833333333333333
4,1.0,0.8833333333333333
