,train_acc,test_acc
0,0.7791666666666667,0.5666666666666667
1,0.7666666666666667,0.6166666666666667
2,0.7583333333333333,0.5833333333333334
3,0.7791666666666667,0.5666666666666667
4,0.7833333333333333,0.6166666666666667
