,train_acc,test_acc
0,0.8791666666666667,0.8
1,0.8625,0.7833333333333333
2,0.8791666666666667,0.7666666666666667
3,0.8958333333333334,0.8166666666666667
4,0.8708333333333333,0.7333333333333333
