,train_acc,test_acc
0,0.7791666666666667,0.65
1,0.825,0.6666666666666666
2,0.8,0.65
3,0.8083333333333333,0.6166666666666667
4,0.7666666666666667,0.65
