,train_acc,test_acc
0,0.9333333333333333,0.85
1,0.9291666666666667,0.8833333333333333
2,0.9291666666666667,0.85
3,0.9541666666666667,0.8833333333333333
4,0.875,0.8
