,train_acc,test_acc
0,1.0,0.7333333333333333
1,1.0,0.75
2,1.0,0.75
3,1.0,0.75
4,1.0,0.7833333333333333
