,train_acc,test_acc
0,1.0,0.8333333333333334
1,1.0,0.85
2,0.9958333333333333,0.8333333333333334
3,1.0,0.8666666666666667
4,0.9958333333333333,0.9
