,train_acc,test_acc
0,0.875,0.8
1,0.8416666666666667,0.75
2,0.8833333333333333,0.7666666666666667
3,0.8458333333333333,0.75
4,0.8541666666666666,0.65
