,train_acc,test_acc
0,0.8541666666666666,0.8
1,0.8375,0.7833333333333333
2,0.8666666666666667,0.7833333333333333
3,0.8041666666666667,0.65
4,0.8916666666666667,0.8
