,train_acc,test_acc
0,0.7541666666666667,0.6666666666666666
1,0.7875,0.5833333333333334
2,0.7583333333333333,0.55
3,0.6958333333333333,0.6166666666666667
4,0.7083333333333334,0.55
