,train_acc,test_acc
0,0.8291666666666667,0.75
1,0.8333333333333334,0.65
2,0.8583333333333333,0.6333333333333333
3,0.8625,0.8166666666666667
4,0.8666666666666667,0.6333333333333333
