,train_acc,test_acc
0,0.7125,0.5666666666666667
1,0.7,0.5833333333333334
2,0.7333333333333333,0.5666666666666667
3,0.7166666666666667,0.5666666666666667
4,0.6916666666666667,0.5666666666666667
