,train_acc,test_acc
0,0.7875,0.6333333333333333
1,0.7958333333333333,0.75
2,0.8,0.6833333333333333
3,0.8041666666666667,0.7
4,0.75,0.7666666666666667
