,train_acc,test_acc
0,0.7083333333333334,0.65
1,0.7708333333333334,0.6666666666666666
2,0.7625,0.5666666666666667
3,0.7875,0.6333333333333333
4,0.7791666666666667,0.6833333333333333
