,train_acc,test_acc
0,0.675,0.5666666666666667
1,0.7,0.7166666666666667
2,0.6791666666666667,0.6833333333333333
3,0.7083333333333334,0.5833333333333334
4,0.675,0.5166666666666667
