,train_acc,test_acc
0,0.8166666666666667,0.6
1,0.8125,0.6166666666666667
2,0.8,0.6166666666666667
3,0.8,0.6666666666666666
4,0.7875,0.6666666666666666
