,train_acc,test_acc
0,0.8625,0.8166666666666667
1,0.9166666666666666,0.9333333333333333
2,0.9333333333333333,0.9166666666666666
3,0.9083333333333333,0.9166666666666666
4,0.9041666666666667,0.8833333333333333
