,train_acc,test_acc
0,0.9791666666666666,0.85
1,0.9791666666666666,0.85
2,0.9791666666666666,0.85
3,0.9791666666666666,0.85
4,0.9791666666666666,0.85
