,train_acc,test_acc
0,0.7458333333333333,0.6666666666666666
1,0.7458333333333333,0.6666666666666666
2,0.7458333333333333,0.6666666666666666
3,0.7458333333333333,0.6666666666666666
4,0.7458333333333333,0.6666666666666666
