,train_acc,test_acc
0,0.7708333333333334,0.7
1,0.7708333333333334,0.7
2,0.7708333333333334,0.7
3,0.7708333333333334,0.7
4,0.7708333333333334,0.7
