,train_acc,test_acc
0,0.6461218836565097,0.6440588853838065
1,0.6707929362880887,0.6656151419558359
2,0.6784972299168975,0.6629863301787592
3,0.6976281163434903,0.6987381703470031
4,0.6821329639889196,0.6992639327024185
