,train_acc,test_acc
0,0.6748614958448753,0.6756046267087277
1,0.6889716066481995,0.6913774973711883
2,0.6520948753462604,0.6619348054679285
3,0.6817001385041551,0.6882229232386962
4,0.6918282548476454,0.7008412197686645
