,mean_fit_time,std_fit_time,mean_score_time,std_score_time,param_batch_size,param_learning_rate,param_max_vmap,params,split0_test_accuracy,split1_test_accuracy,split2_test_accuracy,split3_test_accuracy,split4_test_accuracy,mean_test_accuracy,std_test_accuracy,rank_test_accuracy,split0_test_roc_auc,split1_test_roc_auc,split2_test_roc_auc,split3_test_roc_auc,split4_test_roc_auc,mean_test_roc_auc,std_test_roc_auc,rank_test_roc_auc
0,16.344765615463256,3.0430198490058826,8.19124526977539,0.26922361997936445,32,0.001,1,"{'batch_size': 32, 'learning_rate': 0.001, 'max_vmap': 1}",0.5404586758978797,0.5179575941151017,0.5450216450216451,0.5393939393939394,0.5735930735930735,0.5432849856043279,0.01781123920608544,3,0.5539102848422429,0.542714357461423,0.5655854397043155,0.564369473221649,0.6038191580937016,0.5660797426646665,0.020598396846829202,3
1,19.41107087135315,6.472775062974045,8.082150650024413,0.054008738736052726,32,0.01,1,"{'batch_size': 32, 'learning_rate': 0.01, 'max_vmap': 1}",0.5434876676763306,0.5417568152315015,0.5783549783549784,0.5887445887445888,0.5402597402597402,0.5585207580534279,0.02072372839381257,2,0.5825335849226814,0.5676266175864693,0.6009049017896378,0.6137771410340531,0.6000621527422452,0.5929808796150173,0.016108405352088323,2
2,18.168615341186523,5.407188710757445,8.067377042770385,0.0652385215847294,32,0.1,1,"{'batch_size': 32, 'learning_rate': 0.1, 'max_vmap': 1}",0.6213760276936391,0.6261358719169191,0.5450216450216451,0.6207792207792208,0.6142857142857143,0.6055196959394278,0.03048330792243132,1,0.6816382375715111,0.6596113882899219,0.5861816244589851,0.6887961028876193,0.6602344347260765,0.6552923575868228,0.03643069564935615,1
