,mean_fit_time,std_fit_time,mean_score_time,std_score_time,param_batch_size,param_learning_rate,param_max_vmap,params,split0_test_accuracy,split1_test_accuracy,split2_test_accuracy,split3_test_accuracy,split4_test_accuracy,mean_test_accuracy,std_test_accuracy,rank_test_accuracy,split0_test_roc_auc,split1_test_roc_auc,split2_test_roc_auc,split3_test_roc_auc,split4_test_roc_auc,mean_test_roc_auc,std_test_roc_auc,rank_test_roc_auc
0,30.759309196472167,8.46500517167371,7.10791244506836,0.07599782987430448,32,0.001,1,"{'batch_size': 32, 'learning_rate': 0.001, 'max_vmap': 1}",0.5997403721332757,0.5646906101254868,0.6238095238095238,0.6285714285714286,0.6073593073593073,0.6048342483998045,0.02265987639614027,3,0.6342006149404981,0.602091020910209,0.6586881407150124,0.6820638924170644,0.6540266850466221,0.6462140708058812,0.02680677423656812,3
1,23.823060464859008,5.557711582084049,7.173210287094117,0.026402036800618152,32,0.01,1,"{'batch_size': 32, 'learning_rate': 0.01, 'max_vmap': 1}",0.6901774123755949,0.6443098225876244,0.6961038961038961,0.6588744588744588,0.683982683982684,0.6746896547848518,0.019788154962742006,1,0.7590064726622112,0.7088442094689896,0.7443129488391133,0.7268785779211789,0.7488239136061834,0.7375732244995353,0.01772635205795072,2
2,15.294351625442506,4.428533282990557,7.140357828140258,0.09353641261315268,32,0.1,1,"{'batch_size': 32, 'learning_rate': 0.1, 'max_vmap': 1}",0.6953699697100822,0.6572912159238425,0.6220779220779221,0.6792207792207792,0.6731601731601732,0.6654240120185599,0.024867590321395423,2,0.768268919944971,0.7080028990998957,0.7396755717149341,0.7450225134388375,0.7504755512481714,0.7422890910893619,0.01965611701073321,1
