,mean_fit_time,std_fit_time,mean_score_time,std_score_time,param_batch_size,param_learning_rate,param_max_vmap,params,split0_test_accuracy,split1_test_accuracy,split2_test_accuracy,split3_test_accuracy,split4_test_accuracy,mean_test_accuracy,std_test_accuracy,rank_test_accuracy,split0_test_roc_auc,split1_test_roc_auc,split2_test_roc_auc,split3_test_roc_auc,split4_test_roc_auc,mean_test_roc_auc,std_test_roc_auc,rank_test_roc_auc
0,19.416311693191528,6.777354448286239,8.599040412902832,0.20752656438514516,32,0.001,1,"{'batch_size': 32, 'learning_rate': 0.001, 'max_vmap': 1}",0.5439203807875379,0.5378623972306361,0.564935064935065,0.5536796536796537,0.5653679653679654,0.5531530924001716,0.01102128475000159,3,0.5572323167018741,0.5563632836817366,0.5837948387640484,0.5720249453718028,0.5954172510730001,0.5729665271184924,0.015135435146800923,3
1,19.53946805000305,2.0613528710154774,8.464460515975953,0.0905825986019929,32,0.01,1,"{'batch_size': 32, 'learning_rate': 0.01, 'max_vmap': 1}",0.6274340112505409,0.5876244050194721,0.6086580086580087,0.6220779220779221,0.6346320346320347,0.6160852763275957,0.01657632849395017,2,0.6720066756376812,0.6329518490783931,0.6480062965393112,0.6629545577674374,0.687749438668938,0.6607337635383521,0.01895088580642421,2
2,17.52064175605774,2.280524270269562,8.492169284820557,0.13614194555956247,32,0.1,1,"{'batch_size': 32, 'learning_rate': 0.1, 'max_vmap': 1}",0.6200778883600173,0.6538295110341843,0.6666666666666666,0.6683982683982684,0.6467532467532467,0.6511451162424766,0.017494324383584576,1,0.7158989933920208,0.7050376371734377,0.7201448625416107,0.7601107312051913,0.7112967499984952,0.7224977948621512,0.01946347329869571,1
