,train_acc,test_acc
0,0.6516620498614959,0.6640378548895899
1,0.6501038781163435,0.6650893796004206
2,0.6102839335180056,0.6214511041009464
3,0.6570290858725761,0.6677181913774973
4,0.6330505540166205,0.6356466876971609
