,train_acc,test_acc
0,0.6436980609418282,0.6577287066246057
1,0.4724722991689751,0.4942166140904311
2,0.46918282548476453,0.44637223974763407
3,0.5483898891966759,0.5778128286014721
4,0.4849376731301939,0.4695057833859096
