,train_acc,test_acc
0,0.3956024930747922,0.41692954784437436
1,0.5592105263157895,0.5410094637223974
2,0.6124480609418282,0.6188222923238696
3,0.606994459833795,0.6235541535226078
4,0.5663954293628809,0.5846477392218717
