,train_acc,test_acc
0,0.6719182825484764,0.6771819137749737
1,0.6748614958448753,0.6782334384858044
2,0.6640408587257618,0.6435331230283912
3,0.6393698060941828,0.637223974763407
4,0.673303324099723,0.668769716088328
