,mean_fit_time,std_fit_time,mean_score_time,std_score_time,param_batch_size,param_learning_rate,param_max_vmap,params,split0_test_accuracy,split1_test_accuracy,split2_test_accuracy,split3_test_accuracy,split4_test_accuracy,mean_test_accuracy,std_test_accuracy,rank_test_accuracy,split0_test_roc_auc,split1_test_roc_auc,split2_test_roc_auc,split3_test_roc_auc,split4_test_roc_auc,mean_test_roc_auc,std_test_roc_auc,rank_test_roc_auc
0,24.930892038345338,2.443760752566205,7.298872470855713,0.3005984365380071,32,0.001,1,"{'batch_size': 32, 'learning_rate': 0.001, 'max_vmap': 1}",0.5798355690177412,0.5391605365642579,0.5562770562770563,0.5653679653679654,0.5805194805194805,0.5642321215493002,0.015504213707583975,3,0.608126536411544,0.5749352664675791,0.594193007590761,0.605798113446061,0.6251896185356633,0.6016485084903217,0.016628588167566665,3
1,21.63180727958679,4.483678468923246,7.232367324829101,0.2729507574199836,32,0.01,1,"{'batch_size': 32, 'learning_rate': 0.01, 'max_vmap': 1}",0.6923409779316313,0.635655560363479,0.6432900432900432,0.6320346320346321,0.6987012987012987,0.6604045024642169,0.028971874165910943,2,0.7381225520782434,0.6900474261466331,0.7055126322062568,0.7004726919210464,0.7586133467370564,0.7185537298178473,0.025680012537803863,2
2,12.998813009262085,0.7922179785205804,7.330241775512695,0.27461353611148576,32,0.1,1,"{'batch_size': 32, 'learning_rate': 0.1, 'max_vmap': 1}",0.6512332323669408,0.672436174816097,0.6216450216450217,0.6943722943722944,0.6982683982683983,0.6675910242937505,0.028497107574988384,1,0.7423948098420551,0.7297890032690058,0.686917223984638,0.7548096892061906,0.7597909380398862,0.7347403328683552,0.026078605442473802,1
