,train_acc,test_acc
0,0.42996883656509693,0.4316508937960042
1,0.5054536011080333,0.517875920084122
2,0.4718663434903047,0.46898002103049424
3,0.5022506925207756,0.5084121976866456
4,0.4968836565096953,0.482124079915878
