,train_acc,test_acc
0,0.665685595567867,0.658254468980021
1,0.6768524930747922,0.6766561514195584
2,0.661876731301939,0.6498422712933754
3,0.6385907202216067,0.6382754994742377
4,0.6686288088642659,0.6750788643533123
