,train_acc,test_acc
0,0.6494979224376731,0.6219768664563617
1,0.6955505540166205,0.7024185068349106
2,0.6651662049861495,0.6614090431125131
3,0.6464681440443213,0.6335436382754994
4,0.6926939058171745,0.7076761303890642
