,mean_fit_time,std_fit_time,mean_score_time,std_score_time,param_batch_size,param_learning_rate,param_max_vmap,params,split0_test_accuracy,split1_test_accuracy,split2_test_accuracy,split3_test_accuracy,split4_test_accuracy,mean_test_accuracy,std_test_accuracy,rank_test_accuracy,split0_test_roc_auc,split1_test_roc_auc,split2_test_roc_auc,split3_test_roc_auc,split4_test_roc_auc,mean_test_roc_auc,std_test_roc_auc,rank_test_roc_auc
0,31.226565551757812,4.160149804596091,7.48206844329834,0.1722495416209888,32,0.001,1,"{'batch_size': 32, 'learning_rate': 0.001, 'max_vmap': 1}",0.5828645607961921,0.5772392903504976,0.5735930735930735,0.5766233766233766,0.5969696969696969,0.5814579996665673,0.00831407623058697,3,0.6110148021740929,0.6037638677120267,0.6056506323627673,0.6075106999030838,0.6381197967770867,0.6132119597858114,0.012682052875132384,3
1,21.79591245651245,3.606020661978261,7.461396074295044,0.19249602277045166,32,0.01,1,"{'batch_size': 32, 'learning_rate': 0.01, 'max_vmap': 1}",0.6936391172652532,0.661185633924708,0.6584415584415585,0.6536796536796536,0.6852813852813853,0.6704454697185117,0.01593098056889898,1,0.7485607535652266,0.7074608215519808,0.7190703575061852,0.7149732427177453,0.7455432119574051,0.7271216774597086,0.016720911411799277,1
2,9.979084777832032,0.25890483835369954,7.310111045837402,0.13998856497547063,32,0.1,1,"{'batch_size': 32, 'learning_rate': 0.1, 'max_vmap': 1}",0.6763305928169624,0.6443098225876244,0.6536796536796536,0.6212121212121212,0.6675324675324675,0.6526129315657658,0.01918963477674821,2,0.7407537155787434,0.6742783075752519,0.7189559844211818,0.6827636751082029,0.7149627083546528,0.7063428782076067,0.024501482230027936,2
