,mean_fit_time,std_fit_time,mean_score_time,std_score_time,param_batch_size,param_learning_rate,param_max_vmap,params,split0_test_accuracy,split1_test_accuracy,split2_test_accuracy,split3_test_accuracy,split4_test_accuracy,mean_test_accuracy,std_test_accuracy,rank_test_accuracy,split0_test_roc_auc,split1_test_roc_auc,split2_test_roc_auc,split3_test_roc_auc,split4_test_roc_auc,mean_test_roc_auc,std_test_roc_auc,rank_test_roc_auc
0,16.6303569316864,2.394549601766685,7.71078052520752,0.07570505284432616,32,0.001,1,"{'batch_size': 32, 'learning_rate': 0.001, 'max_vmap': 1}",0.5305062743401125,0.5309389874513197,0.5307359307359307,0.5307359307359307,0.5307359307359307,0.530730610799845,0.00013699093488620366,3,0.5845723607550688,0.6580009443126217,0.6360181913401516,0.6547422692823992,0.609974235957694,0.6286616003295871,0.027886184619287362,3
1,25.108943033218384,1.4031770485345443,7.610013675689697,0.08162185192633968,32,0.01,1,"{'batch_size': 32, 'learning_rate': 0.01, 'max_vmap': 1}",0.5915188230203375,0.6209433145824318,0.6025974025974026,0.6307359307359307,0.6199134199134199,0.6131417781699045,0.014106802277123439,1,0.5877184805406666,0.6533147177437545,0.6330617975837181,0.654740764373386,0.6157982338387822,0.6289267988160615,0.025094678063987505,2
2,15.913806581497193,2.79546173156671,7.578930902481079,0.03471048725031388,32,0.1,1,"{'batch_size': 32, 'learning_rate': 0.1, 'max_vmap': 1}",0.5318044136737343,0.5067070532237127,0.4974025974025974,0.5272727272727272,0.5913419913419914,0.5309057565829527,0.03278592343588366,2,0.5877989189676818,0.653195926824794,0.6325200303389658,0.6547911788253282,0.6178840377310788,0.6292380185375697,0.024834769276047972,1
