,train_acc,test_acc
0,0.6137465373961218,0.6151419558359621
1,0.6226627423822715,0.6330178759200841
2,0.6527873961218836,0.6603575184016824
3,0.6644736842105263,0.6929547844374343
4,0.6660318559556787,0.6556256572029443
