,mean_fit_time,std_fit_time,mean_score_time,std_score_time,param_batch_size,param_learning_rate,param_max_vmap,params,split0_test_accuracy,split1_test_accuracy,split2_test_accuracy,split3_test_accuracy,split4_test_accuracy,mean_test_accuracy,std_test_accuracy,rank_test_accuracy,split0_test_roc_auc,split1_test_roc_auc,split2_test_roc_auc,split3_test_roc_auc,split4_test_roc_auc,mean_test_roc_auc,std_test_roc_auc,rank_test_roc_auc
0,16.13503489494324,2.767977092029875,7.940614223480225,0.03376218518981123,32,0.001,1,"{'batch_size': 32, 'learning_rate': 0.001, 'max_vmap': 1}",0.5530073561228905,0.5326698398961488,0.5766233766233766,0.5558441558441558,0.5852813852813853,0.5606852227535913,0.01858086758652648,3,0.5783973958998956,0.5570279113549081,0.6004180637238672,0.587310306218886,0.622072951969324,0.5890453258333762,0.021733231651637753,3
1,17.20908303260803,3.822665255261742,7.930369853973389,0.04193180455729742,32,0.01,1,"{'batch_size': 32, 'learning_rate': 0.01, 'max_vmap': 1}",0.6282994374729555,0.5828645607961921,0.6181818181818182,0.6103896103896104,0.6121212121212121,0.6103713277923577,0.015113606696235522,2,0.6487306515512588,0.6014857886965178,0.650837782847649,0.6283837879161825,0.6228419604750697,0.6304559942973356,0.018170970062957065,2
2,18.242441415786743,4.637829723556377,7.908776569366455,0.03485546290538851,32,0.1,1,"{'batch_size': 32, 'learning_rate': 0.1, 'max_vmap': 1}",0.7044569450454349,0.685417568152315,0.5961038961038961,0.7077922077922078,0.7082251082251082,0.6803991450637924,0.04297514495370743,1,0.7721329714857053,0.7668404923658039,0.6361220300620625,0.7959471295365482,0.7881200977588896,0.7518325442418019,0.058803319839785206,1
