,train_acc,test_acc
0,0.4831198060941828,0.46109358569926395
1,0.563452216066482,0.555205047318612
2,0.5277873961218836,0.5273396424815984
3,0.4757617728531856,0.47791798107255523
4,0.5230263157894737,0.5094637223974764
