,train_acc,test_acc
0,0.6992728531855956,0.7024185068349106
1,0.6882790858725761,0.7034700315457413
2,0.695031163434903,0.6861198738170347
3,0.6892313019390581,0.6855941114616193
4,0.693126731301939,0.7055730809674028
