,mean_fit_time,std_fit_time,mean_score_time,std_score_time,param_batch_size,param_learning_rate,param_max_vmap,params,split0_test_accuracy,split1_test_accuracy,split2_test_accuracy,split3_test_accuracy,split4_test_accuracy,mean_test_accuracy,std_test_accuracy,rank_test_accuracy,split0_test_roc_auc,split1_test_roc_auc,split2_test_roc_auc,split3_test_roc_auc,split4_test_roc_auc,mean_test_roc_auc,std_test_roc_auc,rank_test_roc_auc
0,28.422288608551025,4.048890687832954,7.789085817337036,0.9479209062040687,32,0.001,1,"{'batch_size': 32, 'learning_rate': 0.001, 'max_vmap': 1}",0.5854608394634357,0.5499783643444396,0.5722943722943723,0.5774891774891775,0.5956709956709957,0.5761787498524841,0.015292943764822653,3,0.6144834274287518,0.5816477052301086,0.6146251572629918,0.6164190088067275,0.6408180986377563,0.6135986794732672,0.018823135912412955,3
1,28.645186328887938,4.25345610019623,7.653980684280396,0.7986702665579235,32,0.01,1,"{'batch_size': 32, 'learning_rate': 0.01, 'max_vmap': 1}",0.6945045434876677,0.672436174816097,0.6316017316017316,0.6878787878787879,0.6835497835497836,0.6739942042668134,0.022379964105845022,1,0.7557062418715841,0.7199233422652075,0.6914597918409853,0.7451707469766379,0.7480308265562265,0.7320581899021282,0.023587196056201763,1
2,11.426437187194825,0.9888686318684072,7.198339986801147,0.06413147763518813,32,0.1,1,"{'batch_size': 32, 'learning_rate': 0.1, 'max_vmap': 1}",0.6598874945910861,0.6698398961488533,0.6779220779220779,0.6445887445887446,0.6909090909090909,0.6686294608319706,0.015738982264791528,2,0.7295509731546148,0.7163911920292796,0.7328899369744105,0.7051236132263442,0.7506606550567952,0.7269232740882889,0.015440978529985123,2
