,mean_fit_time,std_fit_time,mean_score_time,std_score_time,param_batch_size,param_learning_rate,param_max_vmap,params,split0_test_accuracy,split1_test_accuracy,split2_test_accuracy,split3_test_accuracy,split4_test_accuracy,mean_test_accuracy,std_test_accuracy,rank_test_accuracy,split0_test_roc_auc,split1_test_roc_auc,split2_test_roc_auc,split3_test_roc_auc,split4_test_roc_auc,mean_test_roc_auc,std_test_roc_auc,rank_test_roc_auc
0,16.891366624832152,2.5173268700336986,7.90633111000061,0.22239547781380528,32,0.001,1,"{'batch_size': 32, 'learning_rate': 0.001, 'max_vmap': 1}",0.5305062743401125,0.5309389874513197,0.5307359307359307,0.5307359307359307,0.5307359307359307,0.530730610799845,0.00013699093488620366,3,0.5693040948421678,0.5995219793273727,0.6019643577349314,0.6224785249483815,0.5936610222545945,0.5973859958214895,0.017074117441427415,1
1,22.443434238433838,4.04930529008051,7.997050094604492,0.262081565121507,32,0.01,1,"{'batch_size': 32, 'learning_rate': 0.01, 'max_vmap': 1}",0.5798355690177412,0.5919515361315448,0.5917748917748917,0.5974025974025974,0.5935064935064935,0.5908942175666538,0.005888466880468413,1,0.5683576277429878,0.5957808172213751,0.5941057228679953,0.6217057541701028,0.598578312455229,0.595705646891538,0.01693952387020814,2
2,14.492252779006957,2.1389390423441377,7.84208984375,0.26674735841870284,32,0.1,1,"{'batch_size': 32, 'learning_rate': 0.1, 'max_vmap': 1}",0.5737775854608395,0.558632626568585,0.5575757575757576,0.5077922077922078,0.5064935064935064,0.5408543367781793,0.028118978772774524,2,0.5661248975725638,0.595056042247464,0.5941049704134889,0.6216553397181607,0.5975632513258249,0.5949009002555006,0.01761592488597894,3
