,train_acc,test_acc
0,0.6213642659279779,0.6219768664563617
1,0.5902873961218836,0.5909568874868559
2,0.6192001385041551,0.6230283911671924
3,0.6038781163434903,0.6077812828601472
4,0.5696849030470914,0.5630914826498423
