,train_acc,test_acc
0,1.0,0.8
1,1.0,0.7833333333333333
2,1.0,0.8166666666666667
3,1.0,0.8
4,1.0,0.8
