,train_acc,test_acc
0,0.8916666666666667,0.6
1,0.9291666666666667,0.5833333333333334
2,0.9041666666666667,0.65
3,0.9291666666666667,0.65
4,0.9375,0.6
