,train_acc,test_acc
0,1.0,0.6333333333333333
1,0.9625,0.5333333333333333
2,0.95,0.6
3,0.9791666666666666,0.6166666666666667
4,0.9708333333333333,0.5166666666666667
