,train_acc,test_acc
0,0.9416666666666667,0.7166666666666667
1,0.9,0.75
2,1.0,0.7
3,0.9583333333333334,0.7333333333333333
4,0.9791666666666666,0.6833333333333333
