,train_acc,test_acc
0,0.8625,0.6
1,0.9,0.75
2,0.925,0.6666666666666666
3,0.8916666666666667,0.6833333333333333
4,0.9541666666666667,0.6833333333333333
