,train_acc,test_acc
0,0.9875,0.8166666666666667
1,1.0,0.8333333333333334
2,0.9916666666666667,0.85
3,1.0,0.7666666666666667
4,1.0,0.8
