,train_acc,test_acc
0,0.7375,0.7
1,0.8083333333333333,0.8
2,0.7458333333333333,0.6666666666666666
3,0.5041666666666667,0.48333333333333334
4,0.8,0.85
