,train_acc,test_acc
0,0.9166666666666666,0.7666666666666667
1,0.9166666666666666,0.75
2,0.9416666666666667,0.7666666666666667
3,0.9208333333333333,0.75
4,0.925,0.7166666666666667
