,train_acc,test_acc
0,0.975,0.7166666666666667
1,1.0,0.6833333333333333
2,1.0,0.65
3,1.0,0.6833333333333333
4,1.0,0.7
