,train_acc,test_acc
0,0.8916666666666667,0.8
1,0.8583333333333333,0.7166666666666667
2,0.8958333333333334,0.7833333333333333
3,0.8791666666666667,0.7333333333333333
4,0.8416666666666667,0.8333333333333334
