,train_acc,test_acc
0,1.0,0.7333333333333333
1,1.0,0.7666666666666667
2,1.0,0.8
3,1.0,0.7833333333333333
4,1.0,0.85
