,train_acc,test_acc
0,0.8916666666666667,0.5833333333333334
1,0.9458333333333333,0.6
2,0.8875,0.6
3,0.8916666666666667,0.6666666666666666
4,0.925,0.6666666666666666
