,train_acc,test_acc
0,0.7666666666666667,0.6833333333333333
1,0.7666666666666667,0.6833333333333333
2,0.7708333333333334,0.6833333333333333
3,0.7666666666666667,0.6833333333333333
4,0.7708333333333334,0.6833333333333333
