,train_acc,test_acc
0,0.8083333333333333,0.85
1,0.8,0.85
2,0.8,0.8
3,0.8083333333333333,0.85
4,0.8041666666666667,0.85
