,train_acc,test_acc
0,0.7625,0.7833333333333333
1,0.75,0.7666666666666667
2,0.7625,0.7666666666666667
3,0.775,0.8
4,0.7708333333333334,0.7833333333333333
