,train_acc,test_acc
0,0.75,0.7
1,0.7291666666666666,0.7
2,0.7458333333333333,0.6833333333333333
3,0.7166666666666667,0.7
4,0.7291666666666666,0.7
