,train_acc,test_acc
0,0.6958333333333333,0.7666666666666667
1,0.6916666666666667,0.7
2,0.7166666666666667,0.8
3,0.7375,0.7833333333333333
4,0.6916666666666667,0.7
