,train_acc,test_acc
0,0.7625,0.7166666666666667
1,0.7666666666666667,0.7
2,0.775,0.6833333333333333
3,0.7625,0.7
4,0.7583333333333333,0.7166666666666667
