,train_acc,test_acc
0,0.6416666666666667,0.7
1,0.6541666666666667,0.75
2,0.6541666666666667,0.7333333333333333
3,0.6541666666666667,0.7833333333333333
4,0.6458333333333334,0.75
