,train_acc,test_acc
0,0.8833333333333333,0.8333333333333334
1,0.8833333333333333,0.8333333333333334
2,0.8833333333333333,0.8166666666666667
3,0.8833333333333333,0.8166666666666667
4,0.8833333333333333,0.8166666666666667
