,train_acc,test_acc
0,0.7125,0.7
1,0.6958333333333333,0.6833333333333333
2,0.7041666666666667,0.7
3,0.6958333333333333,0.7
4,0.6958333333333333,0.7
