,train_acc,test_acc
0,0.825,0.75
1,0.8208333333333333,0.75
2,0.8208333333333333,0.75
3,0.825,0.75
4,0.8208333333333333,0.75
