,train_acc,test_acc
0,0.75,0.75
1,0.7541666666666667,0.75
2,0.7541666666666667,0.75
3,0.7541666666666667,0.75
4,0.75,0.75
