,train_acc,test_acc
0,0.6833333333333333,0.7333333333333333
1,0.7125,0.7333333333333333
2,0.6958333333333333,0.7666666666666667
3,0.6916666666666667,0.7333333333333333
4,0.7083333333333334,0.7166666666666667
