,train_acc,test_acc
0,0.8333333333333334,0.8666666666666667
1,0.825,0.85
2,0.8375,0.85
3,0.8291666666666667,0.85
4,0.8291666666666667,0.8666666666666667
