,train_acc,test_acc
0,0.9458333333333333,0.85
1,0.9916666666666667,0.9
2,0.9833333333333333,0.9
3,0.9625,0.9166666666666666
4,0.9541666666666667,0.9333333333333333
