,train_acc,test_acc
0,0.7416666666666667,0.6833333333333333
1,0.7333333333333333,0.7
2,0.7416666666666667,0.6666666666666666
3,0.7333333333333333,0.65
4,0.75,0.6666666666666666
