,train_acc,test_acc
0,0.8625,0.8
1,0.8625,0.8
2,0.8541666666666666,0.7666666666666667
3,0.8583333333333333,0.7666666666666667
4,0.8625,0.7666666666666667
