,train_acc,test_acc
0,1.0,0.8
1,1.0,0.9
2,0.9875,0.8166666666666667
3,1.0,0.85
4,0.9958333333333333,0.8833333333333333
