,train_acc,test_acc
0,0.875,0.7166666666666667
1,0.8708333333333333,0.6833333333333333
2,0.8791666666666667,0.7166666666666667
3,0.8916666666666667,0.7333333333333333
4,0.875,0.6833333333333333
