,train_acc,test_acc
0,0.9208333333333333,0.9
1,0.925,0.9
2,0.9416666666666667,0.8833333333333333
3,0.9166666666666666,0.9
4,0.9166666666666666,0.9
