,train_acc,test_acc
0,1.0,0.85
1,0.9958333333333333,0.9333333333333333
2,1.0,0.9333333333333333
3,1.0,0.8833333333333333
4,0.9958333333333333,0.9
