,train_acc,test_acc
0,0.9291666666666667,0.8666666666666667
1,0.9375,0.8333333333333334
2,0.925,0.85
3,0.9833333333333333,0.8666666666666667
4,0.9375,0.8666666666666667
