,train_acc,test_acc
0,0.7916666666666666,0.6333333333333333
1,0.8166666666666667,0.7333333333333333
2,0.8166666666666667,0.7166666666666667
3,0.8083333333333333,0.7166666666666667
4,0.8333333333333334,0.7166666666666667
