,train_acc,test_acc
0,0.75,0.6166666666666667
1,0.7208333333333333,0.65
2,0.7291666666666666,0.6333333333333333
3,0.75,0.65
4,0.7541666666666667,0.6166666666666667
