,train_acc,test_acc
0,0.8708333333333333,0.8
1,0.8875,0.8
2,0.8625,0.75
3,0.9041666666666667,0.7333333333333333
4,0.9,0.6833333333333333
