,train_acc,test_acc
0,0.725,0.6333333333333333
1,0.7375,0.6333333333333333
2,0.7208333333333333,0.6
3,0.725,0.6166666666666667
4,0.725,0.6333333333333333
