,train_acc,test_acc
0,0.9,0.6666666666666666
1,0.9041666666666667,0.75
2,0.9083333333333333,0.75
3,0.9125,0.8
4,0.8958333333333334,0.75
