,train_acc,test_acc
0,0.8458333333333333,0.7166666666666667
1,0.8541666666666666,0.7833333333333333
2,0.8458333333333333,0.8166666666666667
3,0.8625,0.8
4,0.85,0.75
