,train_acc,test_acc
0,0.9708333333333333,0.9166666666666666
1,0.9666666666666667,0.9
2,0.9791666666666666,0.9666666666666667
3,0.9791666666666666,0.9333333333333333
4,0.9708333333333333,0.9166666666666666
