,train_acc,test_acc
0,0.7333333333333333,0.7166666666666667
1,0.7416666666666667,0.6333333333333333
2,0.7791666666666667,0.6666666666666666
3,0.7958333333333333,0.7
4,0.8041666666666667,0.6166666666666667
