,train_acc,test_acc
0,0.95,0.9333333333333333
1,0.9666666666666667,0.9666666666666667
2,0.975,0.9333333333333333
3,0.975,0.9666666666666667
4,0.9791666666666666,0.95
