,train_acc,test_acc
0,0.9458333333333333,0.7833333333333333
1,0.975,0.7
2,0.975,0.7166666666666667
3,0.9708333333333333,0.7333333333333333
4,0.975,0.8166666666666667
