,train_acc,test_acc
0,0.8416666666666667,0.6166666666666667
1,0.8041666666666667,0.48333333333333334
2,0.8541666666666666,0.48333333333333334
3,0.8666666666666667,0.5833333333333334
4,0.8541666666666666,0.5666666666666667
