,train_acc,test_acc
0,0.9541666666666667,0.8833333333333333
1,0.9375,0.9
2,0.9375,0.9166666666666666
3,0.95,0.8333333333333334
4,0.9791666666666666,0.9
