,train_acc,test_acc
0,0.7083333333333334,0.6833333333333333
1,0.7083333333333334,0.6666666666666666
2,0.7125,0.6166666666666667
3,0.725,0.7
4,0.7375,0.7333333333333333
