,train_acc,test_acc
0,0.875,0.85
1,0.8791666666666667,0.8
2,0.8916666666666667,0.8166666666666667
3,0.8958333333333334,0.8333333333333334
4,0.8875,0.8333333333333334
