,train_acc,test_acc
0,0.7833333333333333,0.7166666666666667
1,0.8041666666666667,0.8
2,0.7875,0.8
3,0.825,0.8166666666666667
4,0.8166666666666667,0.7833333333333333
