,train_acc,test_acc
0,0.8166666666666667,0.7166666666666667
1,0.8458333333333333,0.65
2,0.8291666666666667,0.7
3,0.9083333333333333,0.75
4,0.8541666666666666,0.6666666666666666
