,train_acc,test_acc
0,0.8625,0.8833333333333333
1,0.8958333333333334,0.7333333333333333
2,0.875,0.7
3,0.8958333333333334,0.7833333333333333
4,0.8958333333333334,0.75
