,train_acc,test_acc
0,0.8041666666666667,0.8
1,0.85,0.7333333333333333
2,0.8291666666666667,0.85
3,0.8666666666666667,0.7833333333333333
4,0.825,0.8333333333333334
