,train_acc,test_acc
0,0.9208333333333333,0.8666666666666667
1,1.0,0.85
2,0.9625,0.8166666666666667
3,0.9916666666666667,0.75
4,0.9875,0.8333333333333334
