,train_acc,test_acc
0,0.9375,0.95
1,0.9666666666666667,0.9666666666666667
2,0.9791666666666666,1.0
3,0.9708333333333333,1.0
4,0.9708333333333333,0.9833333333333333
