,train_acc,test_acc
0,0.8583333333333333,0.7333333333333333
1,0.9375,0.7
2,0.9083333333333333,0.75
3,0.9291666666666667,0.6666666666666666
4,0.9291666666666667,0.7
