,train_acc,test_acc
0,0.6708333333333333,0.7666666666666667
1,0.6875,0.6666666666666666
2,0.7,0.6833333333333333
3,0.6958333333333333,0.65
4,0.6958333333333333,0.7
