,train_acc,test_acc
0,0.8458333333333333,0.7
1,0.8416666666666667,0.6333333333333333
2,0.8375,0.6833333333333333
3,0.8541666666666666,0.65
4,0.8416666666666667,0.6666666666666666
