,train_acc,test_acc
0,0.9375,0.8166666666666667
1,0.9583333333333334,0.7833333333333333
2,0.9833333333333333,0.8166666666666667
3,0.9791666666666666,0.8
4,0.9666666666666667,0.8166666666666667
