,train_acc,test_acc
0,0.9875,0.8833333333333333
1,1.0,0.8833333333333333
2,1.0,0.9166666666666666
3,1.0,0.9166666666666666
4,1.0,0.8333333333333334
