,train_acc,test_acc
0,0.75,0.7
1,0.75,0.65
2,0.7583333333333333,0.6666666666666666
3,0.7666666666666667,0.6166666666666667
4,0.7625,0.6333333333333333
