,train_acc,test_acc
0,0.8708333333333333,0.7166666666666667
1,0.8916666666666667,0.7833333333333333
2,0.9333333333333333,0.8166666666666667
3,0.9291666666666667,0.7833333333333333
4,0.8958333333333334,0.8166666666666667
