,train_acc,test_acc
0,0.8541666666666666,0.6833333333333333
1,0.9125,0.7333333333333333
2,0.875,0.6666666666666666
3,0.9083333333333333,0.6833333333333333
4,0.8875,0.65
