,train_acc,test_acc
0,0.7791666666666667,0.6166666666666667
1,0.7458333333333333,0.7
2,0.7791666666666667,0.6333333333333333
3,0.8,0.65
4,0.8125,0.5833333333333334
