,train_acc,test_acc
0,0.7166666666666667,0.6333333333333333
1,0.7083333333333334,0.6833333333333333
2,0.725,0.65
3,0.7166666666666667,0.6666666666666666
4,0.7291666666666666,0.6166666666666667
