,train_acc,test_acc
0,0.95,0.75
1,0.95,0.7333333333333333
2,0.9833333333333333,0.7666666666666667
3,0.975,0.7166666666666667
4,0.9708333333333333,0.75
