,train_acc,test_acc
0,0.8687673130193906,0.870136698212408
1,0.844702216066482,0.8580441640378549
2,0.8701523545706371,0.8690851735015773
3,0.8386426592797784,0.8480546792849631
4,0.8495498614958449,0.861198738170347
