,train_acc,test_acc
0,0.6861149584487535,0.6976866456361724
1,0.6542590027700831,0.6629863301787592
2,0.6269909972299169,0.6293375394321766
3,0.6952908587257618,0.6855941114616193
4,0.710266620498615,0.6982124079915878
