,train_acc,test_acc
0,0.8744806094182825,0.8827549947423764
1,0.8147506925207756,0.8217665615141956
2,0.8869459833795014,0.8948475289169295
3,0.8214162049861495,0.8264984227129337
4,0.8811461218836565,0.886435331230284
