,train_acc,test_acc
0,0.8528393351800554,0.8501577287066246
1,0.8772506925207756,0.8853838065194533
2,0.8979397506925207,0.9079915878023134
3,0.8695463988919667,0.8785488958990536
4,0.8860803324099723,0.8906414300736067
