,train_acc,test_acc
0,0.8930921052631579,0.8990536277602523
1,0.8795013850415513,0.8869610935856993
2,0.9084141274238227,0.905888538380652
3,0.8603704986149584,0.8675078864353313
4,0.9053843490304709,0.9069400630914827
