,train_acc,test_acc
0,0.8944771468144044,0.8958990536277602
1,0.910058864265928,0.9190325972660357
2,0.9039127423822715,0.9090431125131441
3,0.8976800554016621,0.905888538380652
4,0.8984591412742382,0.8995793901156677
