,train_acc,test_acc
0,0.8854743767313019,0.8980021030494216
1,0.8574272853185596,0.8606729758149316
2,0.921398891966759,0.92534174553102
3,0.9060768698060941,0.9111461619348055
4,0.8862534626038782,0.9016824395373291
