,train_acc,test_acc
0,0.8875,0.7833333333333333
1,0.8625,0.7666666666666667
2,0.725,0.7166666666666667
3,0.85,0.7666666666666667
4,0.8333333333333334,0.7166666666666667
