,train_acc,test_acc
0,0.9791666666666666,0.8666666666666667
1,0.9666666666666667,0.8166666666666667
2,0.9875,0.8833333333333333
3,0.9875,0.8666666666666667
4,0.975,0.8666666666666667
