,train_acc,test_acc
0,0.9541666666666667,0.9333333333333333
1,0.975,0.9666666666666667
2,0.9625,0.8833333333333333
3,0.9791666666666666,0.9333333333333333
4,0.9708333333333333,0.9
