,train_acc,test_acc
0,0.9375,0.8666666666666667
1,0.9458333333333333,0.8666666666666667
2,0.9583333333333334,0.85
3,0.9291666666666667,0.8166666666666667
4,0.9375,0.8666666666666667
