,train_acc,test_acc
0,0.9208333333333333,0.85
1,0.9166666666666666,0.85
2,0.9208333333333333,0.9
3,0.9125,0.85
4,0.8958333333333334,0.8666666666666667
