,train_acc,test_acc
0,1.0,0.5666666666666667
1,1.0,0.5666666666666667
2,0.9958333333333333,0.5666666666666667
3,1.0,0.6166666666666667
4,0.9958333333333333,0.5
