,train_acc,test_acc
0,1.0,0.95
1,0.9875,0.9333333333333333
2,1.0,0.9833333333333333
3,0.9958333333333333,0.9666666666666667
4,0.9958333333333333,0.9166666666666666
