,train_acc,test_acc
0,0.9125,0.7166666666666667
1,0.8791666666666667,0.65
2,0.9083333333333333,0.6666666666666666
3,0.8958333333333334,0.6166666666666667
4,0.8166666666666667,0.65
