,train_acc,test_acc
0,0.9958333333333333,0.85
1,1.0,0.8166666666666667
2,0.9958333333333333,0.85
3,0.9958333333333333,0.7666666666666667
4,1.0,0.7833333333333333
