,train_acc,test_acc
0,1.0,0.7666666666666667
1,0.9458333333333333,0.6833333333333333
2,0.975,0.75
3,0.9916666666666667,0.7666666666666667
4,0.95,0.75
