,train_acc,test_acc
0,0.8208333333333333,0.7166666666666667
1,0.8041666666666667,0.7166666666666667
2,0.8125,0.7
3,0.8041666666666667,0.7
4,0.8083333333333333,0.7
