,train_acc,test_acc
0,0.9083333333333333,0.7333333333333333
1,0.8958333333333334,0.8166666666666667
2,0.7916666666666666,0.8666666666666667
3,0.8958333333333334,0.6833333333333333
4,0.8375,0.8333333333333334
