,train_acc,test_acc
0,0.8,0.6666666666666666
1,0.8125,0.5833333333333334
2,0.7875,0.65
3,0.8291666666666667,0.7
4,0.7666666666666667,0.6666666666666666
