,train_acc,test_acc
0,0.9583333333333334,0.85
1,0.9083333333333333,0.7833333333333333
2,0.9125,0.7666666666666667
3,0.9416666666666667,0.8
4,0.9333333333333333,0.85
