,train_acc,test_acc
0,0.8166666666666667,0.7666666666666667
1,0.825,0.75
2,0.8208333333333333,0.75
3,0.8166666666666667,0.7833333333333333
4,0.825,0.7666666666666667
