,train_acc,test_acc
0,0.8375,0.7833333333333333
1,0.85,0.8166666666666667
2,0.8333333333333334,0.8
3,0.8333333333333334,0.8
4,0.8375,0.7833333333333333
