,train_acc,test_acc
0,0.9291666666666667,0.8166666666666667
1,0.9208333333333333,0.8
2,0.925,0.8166666666666667
3,0.9375,0.8166666666666667
4,0.9291666666666667,0.8333333333333334
