,train_acc,test_acc
0,0.8666666666666667,0.9
1,0.8583333333333333,0.8666666666666667
2,0.8541666666666666,0.9
3,0.8541666666666666,0.9
4,0.8625,0.9
