,train_acc,test_acc
0,0.85,0.7
1,0.85,0.75
2,0.85,0.7166666666666667
3,0.8625,0.6833333333333333
4,0.8291666666666667,0.7166666666666667
