,train_acc,test_acc
0,0.7125,0.65
1,0.6958333333333333,0.7333333333333333
2,0.7291666666666666,0.7
3,0.7083333333333334,0.6333333333333333
4,0.725,0.6833333333333333
