,train_acc,test_acc
0,0.9541666666666667,0.95
1,0.9541666666666667,0.9333333333333333
2,0.95,0.95
3,0.9583333333333334,0.9333333333333333
4,0.9541666666666667,0.95
