,train_acc,test_acc
0,0.6916666666666667,0.55
1,0.7333333333333333,0.5666666666666667
2,0.7291666666666666,0.5333333333333333
3,0.7166666666666667,0.55
4,0.7333333333333333,0.5666666666666667
