,train_acc,test_acc
0,0.7333333333333333,0.7166666666666667
1,0.7375,0.6833333333333333
2,0.75,0.7166666666666667
3,0.725,0.6833333333333333
4,0.7291666666666666,0.6833333333333333
