,train_acc,test_acc
0,0.9208333333333333,0.8
1,0.9166666666666666,0.7833333333333333
2,0.9208333333333333,0.8166666666666667
3,0.925,0.8166666666666667
4,0.925,0.7666666666666667
