,train_acc,test_acc
0,0.9125,0.75
1,0.9041666666666667,0.7
2,0.8958333333333334,0.6833333333333333
3,0.9041666666666667,0.7166666666666667
4,0.9291666666666667,0.7333333333333333
