,train_acc,test_acc
0,0.8916666666666667,0.8333333333333334
1,0.9083333333333333,0.7833333333333333
2,0.9125,0.7666666666666667
3,0.9125,0.8
4,0.8916666666666667,0.75
