,train_acc,test_acc
0,0.9458333333333333,0.85
1,0.9583333333333334,0.8833333333333333
2,0.9625,0.9
3,0.9541666666666667,0.85
4,0.9375,0.8333333333333334
