,train_acc,test_acc
0,0.8625,0.8333333333333334
1,0.9041666666666667,0.7833333333333333
2,0.9208333333333333,0.8
3,0.9041666666666667,0.8166666666666667
4,0.8791666666666667,0.7666666666666667
