,train_acc,test_acc
0,0.9416666666666667,0.7666666666666667
1,0.9541666666666667,0.8
2,0.9666666666666667,0.7666666666666667
3,0.9708333333333333,0.7333333333333333
4,0.9541666666666667,0.75
