,train_acc,test_acc
0,0.8541666666666666,0.5833333333333334
1,0.8708333333333333,0.5333333333333333
2,0.8166666666666667,0.6166666666666667
3,0.8375,0.55
4,0.7833333333333333,0.5333333333333333
