,train_acc,test_acc
0,0.8541666666666666,0.7333333333333333
1,0.8916666666666667,0.7
2,0.9,0.7
3,0.9041666666666667,0.7166666666666667
4,0.8916666666666667,0.7166666666666667
