,train_acc,test_acc
0,0.8875,0.8666666666666667
1,0.9041666666666667,0.85
2,0.8666666666666667,0.8
3,0.9,0.85
4,0.9,0.8333333333333334
