,train_acc,test_acc
0,0.8041666666666667,0.6666666666666666
1,0.8666666666666667,0.8
2,0.8458333333333333,0.7333333333333333
3,0.8375,0.7333333333333333
4,0.8458333333333333,0.75
