,train_acc,test_acc
0,0.8875,0.8166666666666667
1,0.9,0.85
2,0.9125,0.8333333333333334
3,0.9166666666666666,0.8333333333333334
4,0.8916666666666667,0.85
