,train_acc,test_acc
0,0.9083333333333333,0.8166666666666667
1,0.8916666666666667,0.85
2,0.8916666666666667,0.8166666666666667
3,0.8958333333333334,0.85
4,0.9,0.8166666666666667
