,train_acc,test_acc
0,0.7166666666666667,0.6833333333333333
1,0.6916666666666667,0.6666666666666666
2,0.6958333333333333,0.65
3,0.7208333333333333,0.6333333333333333
4,0.6958333333333333,0.6333333333333333
