,train_acc,test_acc
0,0.9625,0.8
1,0.9666666666666667,0.7333333333333333
2,0.9916666666666667,0.7333333333333333
3,0.9625,0.8
4,0.975,0.75
