,train_acc,test_acc
0,0.75,0.55
1,0.7416666666666667,0.55
2,0.7333333333333333,0.5833333333333334
3,0.7666666666666667,0.6
4,0.775,0.5666666666666667
