,train_acc,test_acc
0,0.8791666666666667,0.7333333333333333
1,0.8416666666666667,0.7333333333333333
2,0.8708333333333333,0.65
3,0.8958333333333334,0.6833333333333333
4,0.8833333333333333,0.7
