,train_acc,test_acc
0,0.9666666666666667,0.7833333333333333
1,0.9666666666666667,0.7833333333333333
2,0.95,0.7666666666666667
3,0.9708333333333333,0.7666666666666667
4,0.95,0.7333333333333333
