,train_acc,test_acc
0,0.7291666666666666,0.7
1,0.7416666666666667,0.7166666666666667
2,0.725,0.7
3,0.7416666666666667,0.7
4,0.7375,0.7
