,train_acc,test_acc
0,0.9416666666666667,0.75
1,0.9166666666666666,0.7333333333333333
2,0.9416666666666667,0.8
3,0.9416666666666667,0.7333333333333333
4,0.9416666666666667,0.8
