,train_acc,test_acc
0,0.8458333333333333,0.8166666666666667
1,0.8958333333333334,0.85
2,0.825,0.75
3,0.8625,0.85
4,0.8708333333333333,0.8666666666666667
