,train_acc,test_acc
0,0.8416666666666667,0.7333333333333333
1,0.8041666666666667,0.8
2,0.8125,0.7
3,0.8416666666666667,0.75
4,0.8166666666666667,0.75
