,train_acc,test_acc
0,0.9291666666666667,0.8666666666666667
1,0.925,0.9
2,0.925,0.9166666666666666
3,0.9375,0.8833333333333333
4,0.9166666666666666,0.9
