,train_acc,test_acc
0,0.9208333333333333,0.7833333333333333
1,0.8833333333333333,0.7
2,0.8375,0.7
3,0.9,0.8
4,0.8916666666666667,0.7833333333333333
