,train_acc,test_acc
0,0.8791666666666667,0.8
1,0.8791666666666667,0.8
2,0.8791666666666667,0.8
3,0.8791666666666667,0.8
4,0.8791666666666667,0.8
