,train_acc,test_acc
0,0.8375,0.7666666666666667
1,0.8375,0.7666666666666667
2,0.8375,0.7666666666666667
3,0.8375,0.7666666666666667
4,0.8375,0.7666666666666667
