,train_acc,test_acc
0,0.8833333333333333,0.8833333333333333
1,0.8375,0.9
2,0.8916666666666667,0.8666666666666667
3,0.875,0.8833333333333333
4,0.8791666666666667,0.9
