,train_acc,test_acc
0,0.7958333333333333,0.8
1,0.7875,0.75
2,0.7583333333333333,0.7666666666666667
3,0.7625,0.7666666666666667
4,0.7916666666666666,0.8
