,train_acc,test_acc
0,0.875,0.8333333333333334
1,0.8458333333333333,0.7666666666666667
2,0.85,0.8333333333333334
3,0.8583333333333333,0.8833333333333333
4,0.9,0.8833333333333333
