,train_acc,test_acc
0,0.8666666666666667,0.9166666666666666
1,0.8916666666666667,0.8666666666666667
2,0.575,0.4
3,0.5875,0.4166666666666667
4,0.5666666666666667,0.45
