,train_acc,test_acc
0,0.7958333333333333,0.7833333333333333
1,0.7958333333333333,0.75
2,0.8458333333333333,0.7666666666666667
3,0.8875,0.8
4,0.8041666666666667,0.7666666666666667
