,train_acc,test_acc
0,0.8791666666666667,0.6666666666666666
1,0.8625,0.7
2,0.875,0.65
3,0.8416666666666667,0.7
4,0.8291666666666667,0.6166666666666667
