,train_acc,test_acc
0,0.8208333333333333,0.65
1,0.8166666666666667,0.65
2,0.8291666666666667,0.6666666666666666
3,0.8291666666666667,0.6666666666666666
4,0.7916666666666666,0.7
