,train_acc,test_acc
0,0.5875,0.5666666666666667
1,0.6708333333333333,0.6
2,0.6375,0.6666666666666666
3,0.5916666666666667,0.6
4,0.65,0.5666666666666667
