,train_acc,test_acc
0,0.8875,0.9
1,0.8791666666666667,0.9166666666666666
2,0.8708333333333333,0.8666666666666667
3,0.8708333333333333,0.9166666666666666
4,0.8708333333333333,0.8666666666666667
