,train_acc,test_acc
0,0.8708333333333333,0.7833333333333333
1,0.8208333333333333,0.7833333333333333
2,0.8625,0.8
3,0.8791666666666667,0.8166666666666667
4,0.85,0.7833333333333333
