,train_acc,test_acc
0,0.9458333333333333,0.85
1,0.9291666666666667,0.75
2,0.9083333333333333,0.7666666666666667
3,0.95,0.8833333333333333
4,0.9208333333333333,0.8
