,train_acc,test_acc
0,0.9791666666666666,0.7666666666666667
1,0.9208333333333333,0.7833333333333333
2,0.9708333333333333,0.75
3,0.9458333333333333,0.7666666666666667
4,0.925,0.75
