,train_acc,test_acc
0,0.9541666666666667,0.85
1,0.9666666666666667,0.85
2,0.9666666666666667,0.9
3,0.9666666666666667,0.9
4,0.9541666666666667,0.85
