,train_acc,test_acc
0,0.9083333333333333,0.9333333333333333
1,0.9541666666666667,1.0
2,0.9416666666666667,0.9166666666666666
3,0.9208333333333333,0.9666666666666667
4,0.9375,0.9333333333333333
