,train_acc,test_acc
0,0.9666666666666667,0.8166666666666667
1,0.9625,0.8333333333333334
2,0.9541666666666667,0.8333333333333334
3,0.95,0.8
4,0.9583333333333334,0.85
