,train_acc,test_acc
0,0.9541666666666667,0.7833333333333333
1,0.9583333333333334,0.8
2,0.95,0.7666666666666667
3,0.975,0.75
4,0.9666666666666667,0.75
