,train_acc,test_acc
0,0.925,0.8166666666666667
1,0.9583333333333334,0.8666666666666667
2,0.9541666666666667,0.8333333333333334
3,0.9375,0.8
4,0.9333333333333333,0.8166666666666667
