,train_acc,test_acc
0,0.975,0.8833333333333333
1,0.9708333333333333,0.9
2,0.9666666666666667,0.85
3,0.9583333333333334,0.8
4,0.9625,0.8833333333333333
