,train_acc,test_acc
0,0.9166666666666666,0.7666666666666667
1,0.9708333333333333,0.8333333333333334
2,0.9583333333333334,0.9
3,0.9708333333333333,0.85
4,0.95,0.8166666666666667
