,train_acc,test_acc
0,1.0,1.0
1,1.0,1.0
2,0.9333333333333333,0.9666666666666667
3,0.9583333333333334,0.9833333333333333
4,0.9875,1.0
