,train_acc,test_acc
0,0.9666666666666667,0.9166666666666666
1,0.9708333333333333,0.8833333333333333
2,0.9458333333333333,0.8833333333333333
3,0.9291666666666667,0.85
4,0.9291666666666667,0.85
