,train_acc,test_acc
0,1.0,0.9833333333333333
1,0.9958333333333333,0.9833333333333333
2,0.9375,0.8166666666666667
3,0.9875,1.0
4,1.0,1.0
