,train_acc,test_acc
0,0.9791666666666666,0.9666666666666667
1,0.95,0.9666666666666667
2,0.9666666666666667,0.95
3,0.9625,0.9333333333333333
4,0.9583333333333334,0.95
