,train_acc,test_acc
0,0.975,0.975
1,0.9708333333333333,0.9708333333333333
2,0.9666666666666667,0.9666666666666667
3,0.9458333333333333,0.9458333333333333
4,0.975,0.975
