,train_acc,test_acc
0,0.975,0.975
1,0.975,0.975
2,0.9791666666666666,0.9791666666666666
3,0.9458333333333333,0.9458333333333333
4,0.9791666666666666,0.9791666666666666
