,train_acc,test_acc
0,0.9041666666666667,0.8666666666666667
1,0.9541666666666667,0.9
2,0.9333333333333333,0.8666666666666667
3,0.9541666666666667,0.8833333333333333
4,0.95,0.9
