,train_acc,test_acc
0,0.7333333333333333,0.6833333333333333
1,0.8958333333333334,0.9333333333333333
2,0.8541666666666666,0.8
3,0.8958333333333334,0.9333333333333333
4,0.8416666666666667,0.8166666666666667
