,train_acc,test_acc
0,0.9458333333333333,0.6833333333333333
1,0.9,0.7833333333333333
2,0.9666666666666667,0.75
3,0.9333333333333333,0.7333333333333333
4,0.8541666666666666,0.8
