,train_acc,test_acc
0,0.8541666666666666,0.7666666666666667
1,0.8208333333333333,0.7333333333333333
2,0.7666666666666667,0.65
3,0.7625,0.6666666666666666
4,0.55,0.5
