,train_acc,test_acc
0,0.9958333333333333,1.0
1,0.9958333333333333,1.0
2,0.9791666666666666,1.0
3,0.9958333333333333,1.0
4,0.975,1.0
