,train_acc,test_acc
0,0.8791666666666667,0.7833333333333333
1,0.9083333333333333,0.8
2,0.8791666666666667,0.6666666666666666
3,0.9458333333333333,0.7666666666666667
4,0.9291666666666667,0.8333333333333334
