,train_acc,test_acc
0,0.9541666666666667,0.7166666666666667
1,0.9291666666666667,0.7
2,0.95,0.85
3,0.8916666666666667,0.6833333333333333
4,0.9416666666666667,0.7833333333333333
