,train_acc,test_acc
0,0.7958333333333333,0.7166666666666667
1,0.8208333333333333,0.7833333333333333
2,0.7791666666666667,0.7333333333333333
3,0.8416666666666667,0.7333333333333333
4,0.8541666666666666,0.8
