,train_acc,test_acc
0,0.9583333333333334,0.9666666666666667
1,0.875,0.8166666666666667
2,0.9416666666666667,0.9
3,0.9625,0.8833333333333333
4,0.9083333333333333,0.8833333333333333
