,train_acc,test_acc
0,0.9208333333333333,0.8833333333333333
1,0.7916666666666666,0.8
2,0.8833333333333333,0.7833333333333333
3,0.8083333333333333,0.7666666666666667
4,0.775,0.6833333333333333
