,train_acc,test_acc
0,0.8958333333333334,0.8166666666666667
1,0.8791666666666667,0.65
2,0.8875,0.7666666666666667
3,0.8458333333333333,0.75
4,0.8208333333333333,0.6666666666666666
