,train_acc,test_acc
0,0.9208333333333333,0.7666666666666667
1,0.8875,0.7
2,0.9333333333333333,0.8333333333333334
3,0.9375,0.9
4,0.8916666666666667,0.8
