,train_acc,test_acc
0,0.9,0.8333333333333334
1,0.8791666666666667,0.85
2,0.8833333333333333,0.85
3,0.8833333333333333,0.8833333333333333
4,0.9,0.8666666666666667
