,train_acc,test_acc
0,0.9125,0.8
1,0.9333333333333333,0.7666666666666667
2,0.9041666666666667,0.6833333333333333
3,0.9166666666666666,0.7333333333333333
4,0.925,0.7333333333333333
