,train_acc,test_acc
0,0.8791666666666667,0.7333333333333333
1,0.9041666666666667,0.65
2,0.8791666666666667,0.65
3,0.8958333333333334,0.6833333333333333
4,0.875,0.7166666666666667
