,train_acc,test_acc
0,0.9666666666666667,0.95
1,0.975,0.95
2,0.9583333333333334,0.9666666666666667
3,0.9333333333333333,0.9666666666666667
4,0.9625,0.9666666666666667
