,train_acc,test_acc
0,0.8583333333333333,0.7833333333333333
1,0.875,0.75
2,0.8916666666666667,0.75
3,0.8625,0.7666666666666667
4,0.875,0.7833333333333333
