,train_acc,test_acc
0,0.85,0.7333333333333333
1,0.8541666666666666,0.8166666666666667
2,0.8375,0.8166666666666667
3,0.8666666666666667,0.7833333333333333
4,0.8583333333333333,0.8
