,train_acc,test_acc
0,0.9541666666666667,0.8666666666666667
1,0.9458333333333333,0.8
2,0.9625,0.75
3,0.9791666666666666,0.8166666666666667
4,0.9416666666666667,0.8
