,train_acc,test_acc
0,0.8,0.6666666666666666
1,0.7833333333333333,0.65
2,0.7833333333333333,0.7333333333333333
3,0.8,0.6833333333333333
4,0.7916666666666666,0.6333333333333333
