,train_acc,test_acc
0,0.9291666666666667,0.7
1,0.9083333333333333,0.75
2,0.9125,0.7833333333333333
3,0.925,0.7166666666666667
4,0.9,0.75
