,train_acc,test_acc
0,0.6875,0.7166666666666667
1,0.675,0.6833333333333333
2,0.6625,0.7166666666666667
3,0.6875,0.7166666666666667
4,0.6833333333333333,0.6833333333333333
