,train_acc,test_acc
0,0.9906509695290858,0.9747634069400631
1,0.990564404432133,0.9737118822292324
2,0.9889196675900277,0.973186119873817
3,0.9910837950138505,0.9737118822292324
4,0.9888331024930748,0.9758149316508938
