,train_acc,test_acc
0,0.9984418282548476,0.9758149316508938
1,1.0,0.9794952681388013
2,1.0,0.9758149316508938
3,1.0,0.9758149316508938
4,0.9989612188365651,0.9737118822292324
