,train_acc,test_acc
0,0.9948060941828255,0.9773922187171399
1,0.9931613573407202,0.9758149316508938
2,0.9944598337950139,0.9784437434279706
3,0.9921225761772853,0.9768664563617245
4,0.9926419667590027,0.9773922187171399
