,train_acc,test_acc
0,0.9979224376731302,0.973186119873817
1,0.9979224376731302,0.973186119873817
2,0.9977493074792244,0.9763406940063092
3,0.9987880886426593,0.9810725552050473
4,0.997143351800554,0.9763406940063092
