,train_acc,test_acc
0,0.9986149584487535,0.9794952681388013
1,0.9989612188365651,0.9789695057833859
2,0.9979224376731302,0.9800210304942166
3,0.9983552631578947,0.9779179810725552
4,0.9987880886426593,0.9837013669821241
