,train_acc,test_acc
0,0.9406163434903048,0.937434279705573
1,0.9426073407202216,0.9395373291272345
2,0.9439058171745153,0.9411146161934806
3,0.9404432132963989,0.9400630914826499
4,0.9434729916897507,0.9369085173501577
