,train_acc,test_acc
0,0.9788781163434903,0.964248159831756
1,0.9808691135734072,0.9652996845425867
2,0.9801765927977839,0.9631966351209253
3,0.9813019390581718,0.9668769716088328
4,0.9767139889196675,0.9652996845425867
