,train_acc,test_acc
0,0.9997403047091413,0.9784437434279706
1,1.0,0.9768664563617245
2,0.998095567867036,0.9784437434279706
3,0.9994806094182825,0.9789695057833859
4,0.9999134349030471,0.9768664563617245
