,train_acc,test_acc
0,0.9806959833795014,0.9663512092534174
1,0.9796572022160664,0.9663512092534174
2,0.9777527700831025,0.9652996845425867
3,0.9761080332409973,0.9658254468980021
4,0.974376731301939,0.9637223974763407
