,train_acc,test_acc
0,0.9976627423822715,0.9794952681388013
1,0.997143351800554,0.9763406940063092
2,0.9977493074792244,0.9737118822292324
3,0.9965373961218836,0.973186119873817
4,0.9987880886426593,0.9779179810725552
