,train_acc,test_acc
0,0.9716932132963989,0.9589905362776026
1,0.975328947368421,0.9579390115667719
2,0.9722126038781164,0.9589905362776026
3,0.9726454293628809,0.9579390115667719
4,0.9757617728531855,0.9589905362776026
