,train_acc,test_acc
0,0.9977493074792244,0.9794952681388013
1,0.9981821329639889,0.9794952681388013
2,0.9979224376731302,0.9800210304942166
3,0.9993940443213296,0.9779179810725552
4,0.9958448753462604,0.9768664563617245
