,train_acc,test_acc
0,0.9805228531855956,0.9674027339642481
1,0.9824272853185596,0.9721345951629863
2,0.9821675900277008,0.9716088328075709
3,0.9826869806094183,0.973186119873817
4,0.9801765927977839,0.9710830704521556
