,train_acc,test_acc
0,0.7614265927977839,0.750788643533123
1,0.7590893351800554,0.7570977917981072
2,0.7577908587257618,0.7565720294426919
3,0.7605609418282548,0.7539432176656151
4,0.7612534626038782,0.7518401682439537
