,train_acc,test_acc
0,0.7416666666666667,0.8833333333333333
1,0.7666666666666667,0.9
2,0.75,0.8833333333333333
3,0.7416666666666667,0.8666666666666667
4,0.7333333333333333,0.8833333333333333
