,mean_fit_time,std_fit_time,mean_score_time,std_score_time,param_batch_size,param_learning_rate,param_max_vmap,params,split0_test_accuracy,split1_test_accuracy,split2_test_accuracy,split3_test_accuracy,split4_test_accuracy,mean_test_accuracy,std_test_accuracy,rank_test_accuracy,split0_test_roc_auc,split1_test_roc_auc,split2_test_roc_auc,split3_test_roc_auc,split4_test_roc_auc,mean_test_roc_auc,std_test_roc_auc,rank_test_roc_auc
0,23.06599340438843,6.164614676767787,0.7293522834777832,0.027627848721716204,32,0.001,1,"{'batch_size': 32, 'learning_rate': 0.001, 'max_vmap': 1}",0.5,0.6041666666666666,0.5625,0.5208333333333334,0.5416666666666666,0.5458333333333333,0.035843021946010925,2,0.5295138888888888,0.6076388888888888,0.546875,0.4739583333333333,0.5607638888888888,0.54375,0.043484645012370184,2
1,21.198675394058228,1.5844287012185159,0.6862811088562012,0.06462954429511324,32,0.01,1,"{'batch_size': 32, 'learning_rate': 0.01, 'max_vmap': 1}",0.5416666666666666,0.5625,0.625,0.5833333333333334,0.625,0.5875,0.03333333333333334,1,0.6163194444444444,0.59375,0.5555555555555556,0.484375,0.5798611111111112,0.5659722222222222,0.04531216741044395,1
2,16.10593514442444,3.4528259191522523,0.6054015159606934,0.015039747804452379,32,0.1,1,"{'batch_size': 32, 'learning_rate': 0.1, 'max_vmap': 1}",0.5,0.5,0.5,0.5,0.5,0.5,0.0,3,0.5815972222222223,0.3871527777777778,0.5225694444444444,0.4965277777777778,0.6579861111111112,0.5291666666666667,0.09013343161018095,3
