,train_acc,test_acc
0,0.5916666666666667,0.5333333333333333
1,0.6,0.5333333333333333
2,0.6166666666666667,0.5333333333333333
3,0.6,0.5333333333333333
4,0.6,0.5333333333333333
