,train_acc,test_acc
0,0.7791666666666667,0.8
1,0.725,0.75
2,0.7833333333333333,0.8166666666666667
3,0.7083333333333334,0.6833333333333333
4,0.7791666666666667,0.8166666666666667
