,train_acc,test_acc
0,0.7041666666666667,0.6833333333333333
1,0.7208333333333333,0.7
2,0.6875,0.7
3,0.7291666666666666,0.6833333333333333
4,0.75,0.7666666666666667
