,mean_fit_time,std_fit_time,mean_score_time,std_score_time,param_batch_size,param_learning_rate,param_max_vmap,params,split0_test_accuracy,split1_test_accuracy,split2_test_accuracy,split3_test_accuracy,split4_test_accuracy,mean_test_accuracy,std_test_accuracy,rank_test_accuracy,split0_test_roc_auc,split1_test_roc_auc,split2_test_roc_auc,split3_test_roc_auc,split4_test_roc_auc,mean_test_roc_auc,std_test_roc_auc,rank_test_roc_auc
0,34.14385175704956,3.8049615967632566,0.5406931877136231,0.015281610792275508,32,0.001,1,"{'batch_size': 32, 'learning_rate': 0.001, 'max_vmap': 1}",0.6041666666666666,0.5,0.5208333333333334,0.5625,0.5625,0.55,0.036324157862838935,3,0.6643478260869565,0.5746527777777778,0.546875,0.6527777777777778,0.671875,0.6221056763285024,0.05121248840655539,3
1,17.896245622634886,6.027733196777501,0.5227766513824463,0.01187789366147377,32,0.01,1,"{'batch_size': 32, 'learning_rate': 0.01, 'max_vmap': 1}",0.7291666666666666,0.6041666666666666,0.6666666666666666,0.6458333333333334,0.6666666666666666,0.6625,0.04039733214513607,1,0.688695652173913,0.5729166666666666,0.5729166666666667,0.6684027777777778,0.7552083333333334,0.6516280193236715,0.07039209820831431,1
2,13.096049451828003,0.6894210016138023,0.520676851272583,0.005850459565824135,32,0.1,1,"{'batch_size': 32, 'learning_rate': 0.1, 'max_vmap': 1}",0.6875,0.6041666666666666,0.6458333333333334,0.625,0.5208333333333334,0.6166666666666667,0.055277079839256664,2,0.6869565217391304,0.5607638888888888,0.6059027777777778,0.65625,0.6857638888888888,0.6391274154589371,0.04899078649797211,2
