,mean_fit_time,std_fit_time,mean_score_time,std_score_time,param_batch_size,param_learning_rate,param_max_vmap,params,split0_test_accuracy,split1_test_accuracy,split2_test_accuracy,split3_test_accuracy,split4_test_accuracy,mean_test_accuracy,std_test_accuracy,rank_test_accuracy,split0_test_roc_auc,split1_test_roc_auc,split2_test_roc_auc,split3_test_roc_auc,split4_test_roc_auc,mean_test_roc_auc,std_test_roc_auc,rank_test_roc_auc
0,52.666188859939574,5.521008107963361,0.4666048526763916,0.013422215330297157,32,0.001,1,"{'batch_size': 32, 'learning_rate': 0.001, 'max_vmap': 1}",0.6041666666666666,0.8125,0.6666666666666666,0.7291666666666666,0.7083333333333334,0.7041666666666666,0.06897060565519521,3,0.6083916083916082,0.881118881118881,0.7342657342657343,0.8671328671328672,0.7495652173913044,0.768094861660079,0.09957493879905238,3
1,18.59178237915039,0.13972707937654297,0.4842962741851807,0.004005397312262759,32,0.01,1,"{'batch_size': 32, 'learning_rate': 0.01, 'max_vmap': 1}",0.625,0.875,0.7083333333333334,0.6666666666666666,0.7083333333333334,0.7166666666666667,0.08498365855987974,2,0.6153846153846153,0.8741258741258741,0.743006993006993,0.9073426573426573,0.7530434782608696,0.7785807236242019,0.10417209061415895,1
2,11.784400415420532,0.6012380556551513,0.4735077381134033,0.0014299659054231807,32,0.1,1,"{'batch_size': 32, 'learning_rate': 0.1, 'max_vmap': 1}",0.625,0.7708333333333334,0.7083333333333334,0.8125,0.6875,0.7208333333333334,0.06535161308899218,1,0.6363636363636364,0.8531468531468532,0.7832167832167832,0.8706293706293706,0.7426086956521739,0.7771930678017634,0.08433814427399844,2
