,mean_fit_time,std_fit_time,mean_score_time,std_score_time,param_batch_size,param_learning_rate,param_max_vmap,params,split0_test_accuracy,split1_test_accuracy,split2_test_accuracy,split3_test_accuracy,split4_test_accuracy,mean_test_accuracy,std_test_accuracy,rank_test_accuracy,split0_test_roc_auc,split1_test_roc_auc,split2_test_roc_auc,split3_test_roc_auc,split4_test_roc_auc,mean_test_roc_auc,std_test_roc_auc,rank_test_roc_auc
0,59.912579488754275,19.835411641467637,0.7154767990112305,0.015678274739285306,32,0.001,1,"{'batch_size': 32, 'learning_rate': 0.001, 'max_vmap': 1}",0.6666666666666666,0.7708333333333334,0.5208333333333334,0.5416666666666666,0.6875,0.6375,0.09372684899334995,2,0.5786713286713286,0.7062937062937064,0.8260869565217391,0.6052173913043479,0.6660869565217392,0.6764712678625722,0.08720551482486015,2
1,24.176104831695557,3.3268355947758534,0.689393138885498,0.07317369879973766,32,0.01,1,"{'batch_size': 32, 'learning_rate': 0.01, 'max_vmap': 1}",0.5625,0.7708333333333334,0.8541666666666666,0.4583333333333333,0.5625,0.6416666666666667,0.14695993407123664,1,0.5909090909090909,0.6905594405594406,0.8347826086956522,0.6173913043478261,0.6973913043478261,0.6862067497719673,0.08489527118365377,1
2,15.629829788208008,1.873765707620634,0.6011425495147705,0.013044191225512985,32,0.1,1,"{'batch_size': 32, 'learning_rate': 0.1, 'max_vmap': 1}",0.7083333333333334,0.5416666666666666,0.5208333333333334,0.7291666666666666,0.5,0.6,0.0980716857994985,3,0.583916083916084,0.6643356643356644,0.8017391304347826,0.6104347826086957,0.6765217391304349,0.6673894800851323,0.07530497716300406,3
