,mean_fit_time,std_fit_time,mean_score_time,std_score_time,param_batch_size,param_learning_rate,param_max_vmap,params,split0_test_accuracy,split1_test_accuracy,split2_test_accuracy,split3_test_accuracy,split4_test_accuracy,mean_test_accuracy,std_test_accuracy,rank_test_accuracy,split0_test_roc_auc,split1_test_roc_auc,split2_test_roc_auc,split3_test_roc_auc,split4_test_roc_auc,mean_test_roc_auc,std_test_roc_auc,rank_test_roc_auc
0,26.071392631530763,1.3673680764908815,0.3126366138458252,0.005519537826934147,32,0.001,1,"{'batch_size': 32, 'learning_rate': 0.001, 'max_vmap': 1}",0.6458333333333334,0.5208333333333334,0.6041666666666666,0.5625,0.4791666666666667,0.5625,0.05892556509887895,2,0.6371527777777779,0.5572916666666666,0.6145833333333333,0.5954861111111112,0.5347222222222222,0.5878472222222223,0.03730983159906541,2
1,11.203314971923827,0.25950192860533694,0.31580157279968263,0.004721635009173223,32,0.01,1,"{'batch_size': 32, 'learning_rate': 0.01, 'max_vmap': 1}",0.625,0.5208333333333334,0.5833333333333334,0.5,0.4583333333333333,0.5375000000000001,0.059511903571190426,3,0.6684027777777778,0.5590277777777778,0.5798611111111112,0.5885416666666666,0.5434027777777778,0.5878472222222222,0.04326505928504284,3
2,10.985012626647949,0.21218317189894934,0.31876301765441895,0.00841357560689756,32,0.1,1,"{'batch_size': 32, 'learning_rate': 0.1, 'max_vmap': 1}",0.6458333333333334,0.5833333333333334,0.5833333333333334,0.5208333333333334,0.5,0.5666666666666667,0.05170697352496191,1,0.6944444444444444,0.5763888888888888,0.5798611111111112,0.5868055555555556,0.5277777777777779,0.5930555555555556,0.05483033595319964,1
