,train_acc,test_acc
0,0.5416666666666666,0.43333333333333335
1,0.6791666666666667,0.7
2,0.6791666666666667,0.65
3,0.6041666666666666,0.5333333333333333
4,0.6791666666666667,0.65
