,train_acc,test_acc
0,0.6625,0.5666666666666667
1,0.625,0.6
2,0.6375,0.6
3,0.6791666666666667,0.6
4,0.6708333333333333,0.5666666666666667
