,train_acc,test_acc
0,0.8166666666666667,0.8666666666666667
1,0.7375,0.7166666666666667
2,0.7958333333333333,0.8166666666666667
3,0.775,0.8166666666666667
4,0.7,0.6833333333333333
