,train_acc,test_acc
0,0.8166666666666667,0.65
1,0.8125,0.6833333333333333
2,0.8041666666666667,0.7
3,0.8208333333333333,0.7
4,0.8083333333333333,0.65
