,train_acc,test_acc
0,0.8083333333333333,0.7666666666666667
1,0.8166666666666667,0.7333333333333333
2,0.7958333333333333,0.7
3,0.8041666666666667,0.7166666666666667
4,0.725,0.7
