,train_acc,test_acc
0,0.49166666666666664,0.5
1,0.5041666666666667,0.5333333333333333
2,0.5625,0.4166666666666667
3,0.5416666666666666,0.4166666666666667
4,0.575,0.5333333333333333
