,train_acc,test_acc
0,0.5541666666666667,0.5
1,0.5916666666666667,0.5333333333333333
2,0.55,0.5
3,0.5458333333333333,0.5
4,0.5666666666666667,0.5166666666666667
