,train_acc,test_acc
0,0.5458333333333333,0.6333333333333333
1,0.5375,0.48333333333333334
2,0.5125,0.45
3,0.5791666666666667,0.5
4,0.5458333333333333,0.6333333333333333
