,train_acc,test_acc
0,0.6708333333333333,0.6
1,0.5791666666666667,0.4666666666666667
2,0.7,0.7
3,0.7041666666666667,0.6666666666666666
4,0.6333333333333333,0.65
