,train_acc,test_acc
0,0.6875,0.5333333333333333
1,0.7125,0.65
2,0.7208333333333333,0.6
3,0.7125,0.8166666666666667
4,0.6833333333333333,0.5333333333333333
