,mean_fit_time,std_fit_time,mean_score_time,std_score_time,param_batch_size,param_learning_rate,param_max_vmap,params,split0_test_accuracy,split1_test_accuracy,split2_test_accuracy,split3_test_accuracy,split4_test_accuracy,mean_test_accuracy,std_test_accuracy,rank_test_accuracy,split0_test_roc_auc,split1_test_roc_auc,split2_test_roc_auc,split3_test_roc_auc,split4_test_roc_auc,mean_test_roc_auc,std_test_roc_auc,rank_test_roc_auc
0,63.567485332489014,4.069197250142298,0.5603859424591064,0.015426979693558903,32,0.001,1,"{'batch_size': 32, 'learning_rate': 0.001, 'max_vmap': 1}",0.7291666666666666,0.8125,0.7708333333333334,0.75,0.7916666666666666,0.7708333333333333,0.029462782549439487,2,0.7234782608695652,0.779513888888889,0.6840277777777778,0.765625,0.7534722222222222,0.7412234299516909,0.034052496037391716,2
1,19.223561191558836,1.1181285101182072,0.5231350421905517,0.05315195828076285,32,0.01,1,"{'batch_size': 32, 'learning_rate': 0.01, 'max_vmap': 1}",0.7083333333333334,0.8333333333333334,0.7291666666666666,0.75,0.8125,0.7666666666666667,0.04823265376162594,3,0.72,0.8090277777777777,0.7100694444444444,0.7534722222222223,0.7395833333333334,0.7464305555555556,0.0347435934231135,1
2,13.43375129699707,1.6555955835200367,0.43933696746826173,0.005098306183552601,32,0.1,1,"{'batch_size': 32, 'learning_rate': 0.1, 'max_vmap': 1}",0.7291666666666666,0.8125,0.7916666666666666,0.7708333333333334,0.8125,0.7833333333333333,0.031180478223116186,1,0.671304347826087,0.8003472222222221,0.7135416666666666,0.7361111111111112,0.7413194444444444,0.7325247584541061,0.041948519568395015,3
