,train_acc,test_acc
0,0.7583333333333333,0.8
1,0.6875,0.6333333333333333
2,0.5291666666666667,0.5166666666666667
3,0.5708333333333333,0.5
4,0.5291666666666667,0.5166666666666667
