,mean_fit_time,std_fit_time,mean_score_time,std_score_time,param_batch_size,param_learning_rate,param_max_vmap,params,split0_test_accuracy,split1_test_accuracy,split2_test_accuracy,split3_test_accuracy,split4_test_accuracy,mean_test_accuracy,std_test_accuracy,rank_test_accuracy,split0_test_roc_auc,split1_test_roc_auc,split2_test_roc_auc,split3_test_roc_auc,split4_test_roc_auc,mean_test_roc_auc,std_test_roc_auc,rank_test_roc_auc
0,23.21376214027405,0.7655167406043456,0.8979445934295655,0.018535167008774615,32,0.001,1,"{'batch_size': 32, 'learning_rate': 0.001, 'max_vmap': 1}",0.5,0.5,0.5208333333333334,0.5208333333333334,0.5208333333333334,0.5125000000000001,0.010206207261596593,3,0.32638888888888884,0.3229166666666667,0.34086956521739126,0.5426086956521738,0.39826086956521745,0.3862089371980676,0.08276006507805536,3
1,40.77904825210571,2.1416167891490403,0.8410799980163575,0.07346493423480216,32,0.01,1,"{'batch_size': 32, 'learning_rate': 0.01, 'max_vmap': 1}",0.5416666666666666,0.6041666666666666,0.5625,0.5625,0.5208333333333334,0.5583333333333333,0.027638539919628315,2,0.6770833333333333,0.626736111111111,0.6295652173913044,0.6104347826086957,0.671304347826087,0.6430247584541062,0.026337454323992343,1
2,17.35688633918762,2.320872520181929,0.7586596965789795,0.012398065521769664,32,0.1,1,"{'batch_size': 32, 'learning_rate': 0.1, 'max_vmap': 1}",0.625,0.6041666666666666,0.625,0.5208333333333334,0.4791666666666667,0.5708333333333333,0.0598029170600305,1,0.609375,0.6163194444444444,0.6539130434782608,0.4573913043478261,0.5669565217391304,0.5807910628019324,0.06759441743052239,2
