,train_acc,test_acc
0,1.0,0.8
1,0.7875,0.7333333333333333
2,0.8916666666666667,0.45
3,0.8125,0.7666666666666667
4,1.0,0.75
