,train_acc,test_acc
0,1.0,0.9166666666666666
1,0.8791666666666667,0.8666666666666667
2,0.9583333333333334,0.5666666666666667
3,0.9375,0.9
4,0.9916666666666667,0.95
