,train_acc,test_acc
0,1.0,0.8833333333333333
1,0.8625,0.8666666666666667
2,0.9291666666666667,0.6333333333333333
3,0.9125,0.85
4,1.0,0.8333333333333334
