,train_acc,test_acc
0,1.0,0.9333333333333333
1,0.9666666666666667,0.95
2,0.9875,0.75
3,0.9791666666666666,0.9333333333333333
4,1.0,0.9333333333333333
