,train_acc,test_acc
0,1.0,0.9666666666666667
1,0.9625,0.9833333333333333
2,0.9833333333333333,0.9166666666666666
3,0.975,0.9666666666666667
4,1.0,0.9833333333333333
