,train_acc,test_acc
0,0.9875,0.9166666666666666
1,0.8708333333333333,0.9
2,0.9333333333333333,0.7
3,0.925,0.9
4,0.9958333333333333,0.8666666666666667
