,train_acc,test_acc
0,1.0,0.8
1,0.925,0.9333333333333333
2,0.9541666666666667,0.65
3,0.9416666666666667,0.7833333333333333
4,1.0,0.7833333333333333
