,train_acc,test_acc
0,1.0,0.65
1,0.6625,0.5333333333333333
2,0.8375,0.48333333333333334
3,0.85,0.5666666666666667
4,0.9833333333333333,0.5833333333333334
