,train_acc,test_acc
0,1.0,0.9333333333333333
1,0.8541666666666666,0.8166666666666667
2,0.9416666666666667,0.6333333333333333
3,0.875,0.8
4,1.0,0.7666666666666667
