,train_acc,test_acc
0,0.975,0.55
1,0.6791666666666667,0.5833333333333334
2,0.8333333333333334,0.48333333333333334
3,0.7333333333333333,0.5833333333333334
4,0.9166666666666666,0.5666666666666667
