,train_acc,test_acc
0,0.9208333333333333,0.5166666666666667
1,0.6,0.5
2,0.6166666666666667,0.55
3,0.6041666666666666,0.5333333333333333
4,0.8291666666666667,0.48333333333333334
