,train_acc,test_acc
0,1.0,1.0
1,0.9333333333333333,0.9833333333333333
2,0.9833333333333333,0.8166666666666667
3,0.9916666666666667,0.9333333333333333
4,1.0,0.9666666666666667
