,train_acc,test_acc
0,0.9875,1.0
1,0.9833333333333333,1.0
2,0.9583333333333334,0.9833333333333333
3,0.9458333333333333,0.9666666666666667
4,0.9375,0.9666666666666667
