,train_acc,test_acc
0,0.9875,1.0
1,0.9875,1.0
2,0.9916666666666667,0.9666666666666667
3,0.9791666666666666,1.0
4,0.9875,1.0
