,train_acc,test_acc
0,0.9416666666666667,0.9333333333333333
1,0.9541666666666667,0.9333333333333333
2,0.9416666666666667,0.9
3,0.9416666666666667,0.9166666666666666
4,0.9625,0.9333333333333333
