,train_acc,test_acc
0,0.9625,0.8333333333333334
1,0.8458333333333333,0.7833333333333333
2,0.8958333333333334,0.55
3,0.8791666666666667,0.8333333333333334
4,0.9416666666666667,0.8
