,train_acc,test_acc
0,0.9791666666666666,0.7333333333333333
1,0.6583333333333333,0.7333333333333333
2,0.7541666666666667,0.65
3,0.7333333333333333,0.6833333333333333
4,0.9291666666666667,0.6666666666666666
