,train_acc,test_acc
0,0.9291666666666667,0.7166666666666667
1,0.7583333333333333,0.6666666666666666
2,0.7875,0.5166666666666667
3,0.8125,0.6833333333333333
4,0.8791666666666667,0.6
