,train_acc,test_acc
0,0.9458333333333333,0.8333333333333334
1,0.7875,0.7333333333333333
2,0.8291666666666667,0.48333333333333334
3,0.8333333333333334,0.7
4,0.9291666666666667,0.75
