,train_acc,test_acc
0,0.975,0.9166666666666666
1,0.9,0.9166666666666666
2,0.9375,0.26666666666666666
3,0.95,0.9166666666666666
4,0.975,0.9333333333333333
