,train_acc,test_acc
0,0.875,0.65
1,0.6916666666666667,0.5833333333333334
2,0.7208333333333333,0.48333333333333334
3,0.7291666666666666,0.6333333333333333
4,0.875,0.6
