,train_acc,test_acc
0,0.9625,0.9333333333333333
1,0.8291666666666667,0.75
2,0.9083333333333333,0.36666666666666664
3,0.9041666666666667,0.8833333333333333
4,0.9541666666666667,0.9166666666666666
