,train_acc,test_acc
0,0.925,0.6166666666666667
1,0.625,0.5666666666666667
2,0.6916666666666667,0.5333333333333333
3,0.6375,0.5166666666666667
4,0.8416666666666667,0.5666666666666667
