,train_acc,test_acc
0,0.9958333333333333,0.5666666666666667
1,0.6625,0.5166666666666667
2,0.7583333333333333,0.65
3,0.7541666666666667,0.5333333333333333
4,0.9625,0.43333333333333335
