,train_acc,test_acc
0,0.9291666666666667,0.6333333333333333
1,0.6083333333333333,0.6
2,0.7125,0.5166666666666667
3,0.7083333333333334,0.65
4,0.8708333333333333,0.6666666666666666
