,train_acc,test_acc
0,0.8958333333333334,0.6833333333333333
1,0.6958333333333333,0.7
2,0.7625,0.6666666666666666
3,0.7458333333333333,0.6166666666666667
4,0.8541666666666666,0.6666666666666666
