,train_acc,test_acc
0,0.9291666666666667,0.65
1,0.6458333333333334,0.4666666666666667
2,0.7041666666666667,0.48333333333333334
3,0.7041666666666667,0.6833333333333333
4,0.8625,0.55
