,train_acc,test_acc
0,0.9416666666666667,0.8
1,0.7666666666666667,0.7666666666666667
2,0.7875,0.5666666666666667
3,0.7791666666666667,0.75
4,0.9083333333333333,0.7333333333333333
