,train_acc,test_acc
0,0.9666666666666667,0.7333333333333333
1,0.7125,0.6333333333333333
2,0.7458333333333333,0.45
3,0.7333333333333333,0.6666666666666666
4,0.9083333333333333,0.6333333333333333
