,train_acc,test_acc
0,0.9791666666666666,0.9666666666666667
1,0.8416666666666667,0.85
2,0.8625,0.43333333333333335
3,0.8208333333333333,0.9333333333333333
4,0.9375,0.85
