,train_acc,test_acc
0,0.8916666666666667,0.5833333333333334
1,0.5708333333333333,0.65
2,0.7291666666666666,0.4
3,0.7166666666666667,0.6333333333333333
4,0.8416666666666667,0.65
