,train_acc,test_acc
0,0.9333333333333333,0.7333333333333333
1,0.6708333333333333,0.7666666666666667
2,0.7625,0.43333333333333335
3,0.7125,0.6833333333333333
4,0.9,0.7666666666666667
