,train_acc,test_acc
0,0.7041666666666667,0.55
1,0.7416666666666667,0.45
2,0.7291666666666666,0.5166666666666667
3,0.7208333333333333,0.45
4,0.7583333333333333,0.6166666666666667
