,train_acc,test_acc
0,0.6125,0.5
1,0.6,0.48333333333333334
2,0.5333333333333333,0.4666666666666667
3,0.6375,0.4666666666666667
4,0.5875,0.48333333333333334
