,train_acc,test_acc
0,0.5666666666666667,0.5333333333333333
1,0.675,0.4166666666666667
2,0.6833333333333333,0.5333333333333333
3,0.6625,0.45
4,0.6916666666666667,0.43333333333333335
