,train_acc,test_acc
0,0.5125,0.45
1,0.5416666666666666,0.43333333333333335
2,0.5166666666666667,0.4666666666666667
3,0.5541666666666667,0.5833333333333334
4,0.55,0.45
