,train_acc,test_acc
0,0.5333333333333333,0.5
1,0.5125,0.5666666666666667
2,0.5208333333333334,0.43333333333333335
3,0.42916666666666664,0.5666666666666667
4,0.5333333333333333,0.5
