,train_acc,test_acc
0,0.6583333333333333,0.5
1,0.5833333333333334,0.45
2,0.575,0.43333333333333335
3,0.5833333333333334,0.5333333333333333
4,0.5875,0.43333333333333335
