,train_acc,test_acc
0,0.7583333333333333,0.45
1,0.75,0.6
2,0.775,0.5333333333333333
3,0.8,0.5666666666666667
4,0.7916666666666666,0.5666666666666667
