,train_acc,test_acc
0,0.8041666666666667,0.6
1,0.7958333333333333,0.65
2,0.825,0.7
3,0.8083333333333333,0.7666666666666667
4,0.8333333333333334,0.6
