,train_acc,test_acc
0,0.7583333333333333,0.5666666666666667
1,0.6916666666666667,0.5833333333333334
2,0.7041666666666667,0.5333333333333333
3,0.75,0.48333333333333334
4,0.7666666666666667,0.4666666666666667
