,train_acc,test_acc
0,0.8375,0.6833333333333333
1,0.875,0.7333333333333333
2,0.8333333333333334,0.6166666666666667
3,0.85,0.6833333333333333
4,0.8666666666666667,0.7666666666666667
