,train_acc,test_acc
0,0.55,0.5666666666666667
1,0.5333333333333333,0.5166666666666667
2,0.5291666666666667,0.55
3,0.5291666666666667,0.5666666666666667
4,0.55,0.5
