,train_acc,test_acc
0,0.5708333333333333,0.45
1,0.5541666666666667,0.48333333333333334
2,0.5666666666666667,0.4666666666666667
3,0.5625,0.45
4,0.5666666666666667,0.4666666666666667
