,train_acc,test_acc
0,0.6791666666666667,0.5666666666666667
1,0.6583333333333333,0.55
2,0.7041666666666667,0.5833333333333334
3,0.7083333333333334,0.6833333333333333
4,0.7,0.6
