,train_acc,test_acc
0,0.7625,0.6333333333333333
1,0.7708333333333334,0.6166666666666667
2,0.7791666666666667,0.6166666666666667
3,0.775,0.5666666666666667
4,0.8041666666666667,0.6166666666666667
