,train_acc,test_acc
0,0.7708333333333334,0.55
1,0.7458333333333333,0.55
2,0.7708333333333334,0.36666666666666664
3,0.7541666666666667,0.4666666666666667
4,0.7291666666666666,0.45
