,train_acc,test_acc
0,0.6041666666666666,0.5
1,0.6458333333333334,0.4
2,0.6375,0.38333333333333336
3,0.6333333333333333,0.4666666666666667
4,0.55,0.43333333333333335
