,train_acc,test_acc
0,0.9916666666666667,0.9666666666666667
1,0.9958333333333333,0.95
2,1.0,0.9
3,1.0,0.8833333333333333
4,1.0,0.9166666666666666
