,train_acc,test_acc
0,1.0,1.0
1,0.9958333333333333,1.0
2,0.9958333333333333,0.9666666666666667
3,1.0,1.0
4,0.9958333333333333,1.0
