,mean_fit_time,std_fit_time,mean_score_time,std_score_time,param_batch_size,param_learning_rate,param_max_vmap,params,split0_test_accuracy,split1_test_accuracy,split2_test_accuracy,split3_test_accuracy,split4_test_accuracy,mean_test_accuracy,std_test_accuracy,rank_test_accuracy,split0_test_roc_auc,split1_test_roc_auc,split2_test_roc_auc,split3_test_roc_auc,split4_test_roc_auc,mean_test_roc_auc,std_test_roc_auc,rank_test_roc_auc
0,27.234772729873658,1.5884783087098084,0.4185176849365234,0.007747937242153296,32,0.001,1,"{'batch_size': 32, 'learning_rate': 0.001, 'max_vmap': 1}",0.7083333333333334,0.625,0.75,0.625,0.5625,0.6541666666666667,0.06666666666666668,3,0.7586805555555555,0.657986111111111,0.8211805555555556,0.7760416666666666,0.6840277777777778,0.7395833333333333,0.060160696584898754,3
1,13.084877538681031,1.7232880963295023,0.41925845146179197,0.0024419785206982515,32,0.01,1,"{'batch_size': 32, 'learning_rate': 0.01, 'max_vmap': 1}",0.7291666666666666,0.6458333333333334,0.7083333333333334,0.7291666666666666,0.625,0.6875,0.0437003686737563,1,0.7430555555555555,0.7222222222222223,0.7916666666666667,0.8298611111111112,0.7656250000000001,0.7704861111111112,0.03762838106706686,2
2,10.109965753555297,0.06621449689290153,0.4158299922943115,0.001871713686179032,32,0.1,1,"{'batch_size': 32, 'learning_rate': 0.1, 'max_vmap': 1}",0.75,0.625,0.6666666666666666,0.6875,0.6458333333333334,0.675,0.04289845892077917,2,0.7586805555555556,0.6857638888888888,0.8020833333333333,0.8402777777777778,0.7916666666666667,0.7756944444444445,0.05196050331088979,1
