,train_acc,test_acc
0,0.7166666666666667,0.7166666666666667
1,0.6958333333333333,0.6833333333333333
2,0.7166666666666667,0.7333333333333333
3,0.7416666666666667,0.8333333333333334
4,0.7208333333333333,0.7333333333333333
