,train_acc,test_acc
0,0.5708333333333333,0.65
1,0.6416666666666667,0.6666666666666666
2,0.6875,0.7333333333333333
3,0.7,0.65
4,0.7,0.65
