,train_acc,test_acc
0,0.6666666666666666,0.5
1,0.7291666666666666,0.6666666666666666
2,0.7291666666666666,0.65
3,0.7083333333333334,0.6166666666666667
4,0.6791666666666667,0.5
