,train_acc,test_acc
0,0.7,0.7333333333333333
1,0.6791666666666667,0.75
2,0.6333333333333333,0.6333333333333333
3,0.6541666666666667,0.7333333333333333
4,0.6291666666666667,0.6
