,mean_fit_time,std_fit_time,mean_score_time,std_score_time,param_batch_size,param_learning_rate,param_max_vmap,params,split0_test_accuracy,split1_test_accuracy,split2_test_accuracy,split3_test_accuracy,split4_test_accuracy,mean_test_accuracy,std_test_accuracy,rank_test_accuracy,split0_test_roc_auc,split1_test_roc_auc,split2_test_roc_auc,split3_test_roc_auc,split4_test_roc_auc,mean_test_roc_auc,std_test_roc_auc,rank_test_roc_auc
0,24.124664783477783,3.0027678967619726,0.40849127769470217,0.0015388136235195756,32,0.001,1,"{'batch_size': 32, 'learning_rate': 0.001, 'max_vmap': 1}",0.5416666666666666,0.5416666666666666,0.5833333333333334,0.6666666666666666,0.6041666666666666,0.5874999999999999,0.04639803635691685,3,0.5399305555555556,0.5086805555555556,0.6059027777777778,0.6857638888888891,0.6730434782608695,0.6026642512077294,0.07019647435064297,3
1,16.770261144638063,1.1198340892659944,0.3756591796875,0.04111040808002076,32,0.01,1,"{'batch_size': 32, 'learning_rate': 0.01, 'max_vmap': 1}",0.5625,0.5833333333333334,0.6041666666666666,0.6041666666666666,0.6666666666666666,0.6041666666666666,0.0348608344389198,2,0.6684027777777778,0.6024305555555555,0.6996527777777778,0.6475694444444444,0.7217391304347825,0.6679589371980675,0.04148904897721194,2
2,9.221723508834838,0.7668170130817304,0.32302002906799315,0.0017869491837982855,32,0.1,1,"{'batch_size': 32, 'learning_rate': 0.1, 'max_vmap': 1}",0.5625,0.625,0.625,0.7083333333333334,0.5208333333333334,0.6083333333333334,0.06373774391990981,1,0.6284722222222222,0.6545138888888888,0.703125,0.6996527777777778,0.6869565217391305,0.6745440821256039,0.02872354099728266,1
