,mean_fit_time,std_fit_time,mean_score_time,std_score_time,param_batch_size,param_learning_rate,param_max_vmap,params,split0_test_accuracy,split1_test_accuracy,split2_test_accuracy,split3_test_accuracy,split4_test_accuracy,mean_test_accuracy,std_test_accuracy,rank_test_accuracy,split0_test_roc_auc,split1_test_roc_auc,split2_test_roc_auc,split3_test_roc_auc,split4_test_roc_auc,mean_test_roc_auc,std_test_roc_auc,rank_test_roc_auc
0,33.61289219856262,1.9793606477684282,0.44363722801208494,0.012013609323281533,32,0.001,1,"{'batch_size': 32, 'learning_rate': 0.001, 'max_vmap': 1}",0.6875,0.6458333333333334,0.5833333333333334,0.7083333333333334,0.625,0.6500000000000001,0.04448782605013046,2,0.693913043478261,0.7378472222222223,0.6076388888888888,0.7934027777777778,0.6979166666666667,0.7061437198067633,0.0608929073445791,2
1,14.4316987991333,0.8167928470194402,0.4529022216796875,0.024591539867876742,32,0.01,1,"{'batch_size': 32, 'learning_rate': 0.01, 'max_vmap': 1}",0.7083333333333334,0.6666666666666666,0.625,0.7291666666666666,0.625,0.6708333333333333,0.04249182927993987,1,0.7704347826086957,0.7326388888888888,0.6493055555555556,0.7881944444444444,0.7222222222222223,0.7325591787439614,0.04809962360667328,1
2,11.972694730758667,0.5783827459763685,0.44667444229125974,0.012366255437776787,32,0.1,1,"{'batch_size': 32, 'learning_rate': 0.1, 'max_vmap': 1}",0.7083333333333334,0.625,0.5625,0.7291666666666666,0.5625,0.6375,0.07046472718869902,3,0.7304347826086957,0.6857638888888888,0.6302083333333334,0.7951388888888888,0.6336805555555556,0.6950452898550724,0.06217194015864137,3
