,mean_fit_time,std_fit_time,mean_score_time,std_score_time,param_batch_size,param_learning_rate,param_max_vmap,params,split0_test_accuracy,split1_test_accuracy,split2_test_accuracy,split3_test_accuracy,split4_test_accuracy,mean_test_accuracy,std_test_accuracy,rank_test_accuracy,split0_test_roc_auc,split1_test_roc_auc,split2_test_roc_auc,split3_test_roc_auc,split4_test_roc_auc,mean_test_roc_auc,std_test_roc_auc,rank_test_roc_auc
0,17.9574143409729,1.5829311764351448,0.40947265625,0.004601191576966055,32,0.001,1,"{'batch_size': 32, 'learning_rate': 0.001, 'max_vmap': 1}",0.6666666666666666,0.6666666666666666,0.5208333333333334,0.6666666666666666,0.6458333333333334,0.6333333333333333,0.05682575707077437,3,0.7182608695652174,0.6765217391304348,0.5704347826086956,0.7604166666666667,0.703125,0.685751811594203,0.0637443621354373,3
1,16.3785099029541,3.1054443046492533,0.4098647117614746,0.0073922810838838475,32,0.01,1,"{'batch_size': 32, 'learning_rate': 0.01, 'max_vmap': 1}",0.5833333333333334,0.6666666666666666,0.5416666666666666,0.75,0.6666666666666666,0.6416666666666666,0.0726483157256779,2,0.6747826086956522,0.7026086956521739,0.6226086956521739,0.7604166666666667,0.7586805555555555,0.7038194444444444,0.05225471564932466,2
2,16.398938608169555,1.076013634078792,0.41051645278930665,0.004601739153129998,32,0.1,1,"{'batch_size': 32, 'learning_rate': 0.1, 'max_vmap': 1}",0.6875,0.7083333333333334,0.5625,0.6875,0.7083333333333334,0.6708333333333334,0.05496210815947051,1,0.6817391304347826,0.7426086956521739,0.6765217391304348,0.7725694444444444,0.7170138888888888,0.718090579710145,0.03638582236742781,1
