,train_acc,test_acc
0,0.6166666666666667,0.7
1,0.5875,0.65
2,0.6333333333333333,0.7
3,0.6583333333333333,0.7333333333333333
4,0.6291666666666667,0.6666666666666666
