,train_acc,test_acc
0,0.625,0.6833333333333333
1,0.65,0.65
2,0.6208333333333333,0.6166666666666667
3,0.6708333333333333,0.6166666666666667
4,0.575,0.6166666666666667
