,mean_fit_time,std_fit_time,mean_score_time,std_score_time,param_batch_size,param_learning_rate,param_max_vmap,params,split0_test_accuracy,split1_test_accuracy,split2_test_accuracy,split3_test_accuracy,split4_test_accuracy,mean_test_accuracy,std_test_accuracy,rank_test_accuracy,split0_test_roc_auc,split1_test_roc_auc,split2_test_roc_auc,split3_test_roc_auc,split4_test_roc_auc,mean_test_roc_auc,std_test_roc_auc,rank_test_roc_auc
0,30.02465715408325,9.462593819781715,0.4295210361480713,0.012077095283735536,32,0.001,1,"{'batch_size': 32, 'learning_rate': 0.001, 'max_vmap': 1}",0.5416666666666666,0.6666666666666666,0.625,0.5833333333333334,0.3958333333333333,0.5625,0.09316949906249124,3,0.6226086956521739,0.6504347826086956,0.5826086956521739,0.5989583333333334,0.40277777777777785,0.5714776570048309,0.08739261712621198,3
1,22.909057140350342,3.427686176511017,0.4241201877593994,0.0031088698549616095,32,0.01,1,"{'batch_size': 32, 'learning_rate': 0.01, 'max_vmap': 1}",0.7083333333333334,0.75,0.6875,0.6666666666666666,0.625,0.6875,0.04166666666666668,1,0.7165217391304348,0.7408695652173912,0.6817391304347826,0.6701388888888888,0.6892361111111112,0.6997010869565218,0.025627520746241847,2
2,12.735996007919312,1.5360099412976236,0.4274585723876953,0.0016681601206133252,32,0.1,1,"{'batch_size': 32, 'learning_rate': 0.1, 'max_vmap': 1}",0.5625,0.7083333333333334,0.6458333333333334,0.6041666666666666,0.6666666666666666,0.6375,0.0503460248899774,2,0.6713043478260871,0.7478260869565218,0.6852173913043479,0.6597222222222222,0.7517361111111112,0.7031612318840581,0.03893137091755467,1
