,mean_fit_time,std_fit_time,mean_score_time,std_score_time,param_batch_size,param_learning_rate,param_max_vmap,params,split0_test_accuracy,split1_test_accuracy,split2_test_accuracy,split3_test_accuracy,split4_test_accuracy,mean_test_accuracy,std_test_accuracy,rank_test_accuracy,split0_test_roc_auc,split1_test_roc_auc,split2_test_roc_auc,split3_test_roc_auc,split4_test_roc_auc,mean_test_roc_auc,std_test_roc_auc,rank_test_roc_auc
0,35.33009538650513,3.5769480575819377,0.42005696296691897,0.007015653131482102,32,0.001,1,"{'batch_size': 32, 'learning_rate': 0.001, 'max_vmap': 1}",0.75,0.7916666666666666,0.7916666666666666,0.8541666666666666,0.7083333333333334,0.7791666666666666,0.04859126579037748,1,0.78125,0.8315972222222222,0.808695652173913,0.8939130434782608,0.8226086956521739,0.827612922705314,0.03726662493890286,3
1,17.669203424453734,0.7836246125536463,0.40786037445068357,0.003108545261488977,32,0.01,1,"{'batch_size': 32, 'learning_rate': 0.01, 'max_vmap': 1}",0.7708333333333334,0.8125,0.8958333333333334,0.6666666666666666,0.6458333333333334,0.7583333333333334,0.09279607271383371,2,0.8229166666666667,0.8506944444444444,0.8626086956521739,0.9060869565217391,0.8208695652173913,0.852635265700483,0.031153087164884852,1
2,11.079934787750243,1.9038273067666802,0.4187502861022949,0.013121306405891993,32,0.1,1,"{'batch_size': 32, 'learning_rate': 0.1, 'max_vmap': 1}",0.6875,0.5208333333333334,0.8958333333333334,0.7291666666666666,0.6041666666666666,0.6875,0.12638125740085918,3,0.8177083333333334,0.8593750000000001,0.8660869565217392,0.8782608695652174,0.831304347826087,0.8505471014492756,0.02252172324692146,2
