,mean_fit_time,std_fit_time,mean_score_time,std_score_time,param_batch_size,param_learning_rate,param_max_vmap,params,split0_test_accuracy,split1_test_accuracy,split2_test_accuracy,split3_test_accuracy,split4_test_accuracy,mean_test_accuracy,std_test_accuracy,rank_test_accuracy,split0_test_roc_auc,split1_test_roc_auc,split2_test_roc_auc,split3_test_roc_auc,split4_test_roc_auc,mean_test_roc_auc,std_test_roc_auc,rank_test_roc_auc
0,30.014219045639038,2.31031465850154,0.5290534496307373,0.019968135785467748,32,0.001,1,"{'batch_size': 32, 'learning_rate': 0.001, 'max_vmap': 1}",0.6875,0.5625,0.5416666666666666,0.5416666666666666,0.5625,0.5791666666666666,0.05496210815947051,3,0.7947826086956522,0.7095652173913044,0.7008695652173913,0.6921739130434782,0.6765217391304348,0.7147826086956522,0.04146285376051647,1
1,15.713656902313232,4.271281432192777,0.5523314476013184,0.024859045900923898,32,0.01,1,"{'batch_size': 32, 'learning_rate': 0.01, 'max_vmap': 1}",0.6458333333333334,0.6041666666666666,0.6041666666666666,0.5416666666666666,0.5833333333333334,0.5958333333333333,0.03385016001931652,2,0.7373913043478261,0.6956521739130435,0.6852173913043478,0.671304347826087,0.6678260869565218,0.6914782608695653,0.02502414712849383,3
2,13.83013391494751,0.9615053293149435,0.5330686092376709,0.007503362631717567,32,0.1,1,"{'batch_size': 32, 'learning_rate': 0.1, 'max_vmap': 1}",0.5833333333333334,0.6458333333333334,0.6041666666666666,0.6458333333333334,0.6041666666666666,0.6166666666666667,0.025000000000000015,1,0.72,0.7426086956521739,0.7356521739130435,0.6852173913043478,0.6417391304347826,0.7050434782608695,0.03734233395868612,2
