,train_acc,test_acc
0,0.65,0.6166666666666667
1,0.6041666666666666,0.55
2,0.6416666666666667,0.6833333333333333
3,0.625,0.5666666666666667
4,0.6541666666666667,0.65
