,train_acc,test_acc
0,0.7125,0.7333333333333333
1,0.7708333333333334,0.7666666666666667
2,0.7708333333333334,0.8
3,0.7833333333333333,0.7666666666666667
4,0.8458333333333333,0.85
