,train_acc,test_acc
0,0.7416666666666667,0.75
1,0.6708333333333333,0.7333333333333333
2,0.6958333333333333,0.7166666666666667
3,0.7166666666666667,0.8166666666666667
4,0.675,0.65
