,train_acc,test_acc
0,0.6666666666666666,0.6666666666666666
1,0.675,0.6333333333333333
2,0.6625,0.6666666666666666
3,0.65,0.6833333333333333
4,0.6666666666666666,0.65
