,train_acc,test_acc
0,0.675,0.5333333333333333
1,0.6708333333333333,0.48333333333333334
2,0.6708333333333333,0.5666666666666667
3,0.6375,0.55
4,0.6583333333333333,0.5833333333333334
