,train_acc,test_acc
0,0.6458333333333334,0.7166666666666667
1,0.6333333333333333,0.7166666666666667
2,0.6708333333333333,0.8166666666666667
3,0.6541666666666667,0.7833333333333333
4,0.6708333333333333,0.8333333333333334
