,mean_fit_time,std_fit_time,mean_score_time,std_score_time,param_batch_size,param_learning_rate,param_max_vmap,params,split0_test_accuracy,split1_test_accuracy,split2_test_accuracy,split3_test_accuracy,split4_test_accuracy,mean_test_accuracy,std_test_accuracy,rank_test_accuracy,split0_test_roc_auc,split1_test_roc_auc,split2_test_roc_auc,split3_test_roc_auc,split4_test_roc_auc,mean_test_roc_auc,std_test_roc_auc,rank_test_roc_auc
0,18.000811052322387,3.713501375241989,0.4956942081451416,0.016970977468499644,32,0.001,1,"{'batch_size': 32, 'learning_rate': 0.001, 'max_vmap': 1}",0.6041666666666666,0.5416666666666666,0.3958333333333333,0.5625,0.5208333333333334,0.525,0.07021791477646964,3,0.6017391304347827,0.5503472222222222,0.375,0.5902777777777778,0.4913194444444445,0.5217367149758455,0.082914050392754,3
1,21.294848489761353,4.3249991995268955,0.5087455749511719,0.037214418136247686,32,0.01,1,"{'batch_size': 32, 'learning_rate': 0.01, 'max_vmap': 1}",0.6458333333333334,0.6875,0.4791666666666667,0.6458333333333334,0.5,0.5916666666666667,0.08498365855987976,2,0.711304347826087,0.7309027777777779,0.548611111111111,0.7361111111111112,0.5225694444444444,0.6498997584541064,0.09406041570056545,2
2,13.7495201587677,0.4753664629712825,0.4925332546234131,0.00783998838634564,32,0.1,1,"{'batch_size': 32, 'learning_rate': 0.1, 'max_vmap': 1}",0.6041666666666666,0.6875,0.5416666666666666,0.5625,0.5833333333333334,0.5958333333333333,0.05034602488997739,1,0.7443478260869565,0.7222222222222222,0.6527777777777778,0.7170138888888888,0.5677083333333334,0.6808140096618358,0.0642503563710349,1
