,train_acc,test_acc
0,0.6625,0.55
1,0.6708333333333333,0.5333333333333333
2,0.6458333333333334,0.55
3,0.675,0.4666666666666667
4,0.6458333333333334,0.55
