,mean_fit_time,std_fit_time,mean_score_time,std_score_time,param_batch_size,param_learning_rate,param_max_vmap,params,split0_test_accuracy,split1_test_accuracy,split2_test_accuracy,split3_test_accuracy,split4_test_accuracy,mean_test_accuracy,std_test_accuracy,rank_test_accuracy,split0_test_roc_auc,split1_test_roc_auc,split2_test_roc_auc,split3_test_roc_auc,split4_test_roc_auc,mean_test_roc_auc,std_test_roc_auc,rank_test_roc_auc
0,27.20032238960266,5.300965652720994,0.44840116500854493,0.010706671594410027,32,0.001,1,"{'batch_size': 32, 'learning_rate': 0.001, 'max_vmap': 1}",0.6041666666666666,0.7083333333333334,0.7083333333333334,0.7291666666666666,0.7291666666666666,0.6958333333333333,0.04677071733467428,1,0.5791304347826088,0.7165217391304348,0.7478260869565218,0.7356521739130434,0.8173913043478261,0.719304347826087,0.07792080706661757,1
1,11.857299089431763,0.6854850671827644,0.4448418617248535,0.011473443211699644,32,0.01,1,"{'batch_size': 32, 'learning_rate': 0.01, 'max_vmap': 1}",0.6041666666666666,0.7291666666666666,0.6666666666666666,0.7291666666666666,0.7083333333333334,0.6875,0.04750730937913076,2,0.5826086956521739,0.7182608695652174,0.7478260869565216,0.7426086956521739,0.7878260869565218,0.7158260869565216,0.07025398158230146,2
2,12.295526933670043,2.0677043086054905,0.4483177661895752,0.009064992607356104,32,0.1,1,"{'batch_size': 32, 'learning_rate': 0.1, 'max_vmap': 1}",0.6041666666666666,0.6666666666666666,0.625,0.6875,0.7083333333333334,0.6583333333333333,0.03864007706456545,3,0.5860869565217391,0.7043478260869566,0.7321739130434782,0.7565217391304349,0.768695652173913,0.7095652173913043,0.06555391437573424,3
