,mean_fit_time,std_fit_time,mean_score_time,std_score_time,param_batch_size,param_learning_rate,param_max_vmap,params,split0_test_accuracy,split1_test_accuracy,split2_test_accuracy,split3_test_accuracy,split4_test_accuracy,mean_test_accuracy,std_test_accuracy,rank_test_accuracy,split0_test_roc_auc,split1_test_roc_auc,split2_test_roc_auc,split3_test_roc_auc,split4_test_roc_auc,mean_test_roc_auc,std_test_roc_auc,rank_test_roc_auc
0,47.321086692810056,2.8088354268388636,0.5292966365814209,0.011003015587414953,32,0.001,1,"{'batch_size': 32, 'learning_rate': 0.001, 'max_vmap': 1}",0.6458333333333334,0.7083333333333334,0.5625,0.6875,0.6875,0.6583333333333334,0.05204164998665333,2,0.765625,0.8541666666666667,0.6979166666666667,0.7530434782608695,0.7930434782608695,0.7727590579710145,0.05114614132587893,3
1,18.04471001625061,0.5080187120401768,0.5425755023956299,0.008427828005615453,32,0.01,1,"{'batch_size': 32, 'learning_rate': 0.01, 'max_vmap': 1}",0.6666666666666666,0.7708333333333334,0.7083333333333334,0.7291666666666666,0.6458333333333334,0.7041666666666667,0.04448782605013046,1,0.7847222222222224,0.8784722222222223,0.7708333333333334,0.7704347826086957,0.808695652173913,0.8026316425120774,0.040390799282344826,1
2,15.043750905990601,2.1952153395266474,0.5357895374298096,0.005972613730796485,32,0.1,1,"{'batch_size': 32, 'learning_rate': 0.1, 'max_vmap': 1}",0.625,0.6041666666666666,0.4791666666666667,0.75,0.6458333333333334,0.6208333333333333,0.0868027777333319,3,0.7725694444444445,0.8472222222222222,0.7118055555555556,0.7669565217391305,0.7913043478260869,0.777971618357488,0.043593282771365066,2
