,train_acc,test_acc
0,0.65,0.6666666666666666
1,0.7125,0.7166666666666667
2,0.6458333333333334,0.6666666666666666
3,0.7291666666666666,0.7333333333333333
4,0.65,0.6666666666666666
