,train_acc,test_acc
0,0.7041666666666667,0.6666666666666666
1,0.6833333333333333,0.6333333333333333
2,0.7041666666666667,0.65
3,0.7083333333333334,0.65
4,0.6791666666666667,0.5666666666666667
