,train_acc,test_acc
0,0.6375,0.6166666666666667
1,0.6125,0.5
2,0.6291666666666667,0.5833333333333334
3,0.6625,0.65
4,0.6458333333333334,0.6333333333333333
