,train_acc,test_acc
0,0.752770083102493,0.7434279705573081
1,0.7615131578947368,0.750788643533123
2,0.7212603878116344,0.7502628811777077
3,0.7189231301939059,0.7250262881177708
4,0.7307825484764543,0.7350157728706624
