,train_acc,test_acc
0,0.7132098337950139,0.6976866456361724
1,0.6319252077562327,0.7018927444794952
2,0.6529605263157895,0.6756046267087277
3,0.7057652354570637,0.713459516298633
4,0.6812673130193906,0.7166140904311251
