,train_acc,test_acc
0,0.6895775623268698,0.7034700315457413
1,0.6559037396121884,0.7034700315457413
2,0.694165512465374,0.6987381703470031
3,0.7136426592797784,0.695583596214511
4,0.665685595567867,0.6892744479495269
