,train_acc,test_acc
0,0.8786357340720221,0.8680336487907466
1,0.8530990304709142,0.879074658254469
2,0.8904085872576177,0.8780231335436383
3,0.8720567867036011,0.8859095688748686
4,0.8558691135734072,0.8869610935856993
