,train_acc,test_acc
0,0.8613227146814404,0.926919032597266
1,0.9182825484764543,0.9363827549947423
2,0.9001038781163435,0.9121976866456362
3,0.9093663434903048,0.9148264984227129
4,0.9241689750692521,0.9332281808622502
