,train_acc,test_acc
0,0.8481648199445984,0.8801261829652997
1,0.8584660664819944,0.879074658254469
2,0.8755193905817175,0.8690851735015773
3,0.8750865650969529,0.8590956887486856
4,0.858898891966759,0.8916929547844374
