,train_acc,test_acc
0,0.8363919667590027,0.8843322818086226
1,0.8507617728531855,0.8817034700315457
2,0.8707583102493075,0.8717139852786541
3,0.8926592797783933,0.8706624605678234
4,0.8602839335180056,0.8680336487907466
