,train_acc,test_acc
0,0.8584660664819944,0.9248159831756047
1,0.8990650969529086,0.8680336487907466
2,0.8978531855955678,0.9127234490010515
3,0.9101454293628809,0.917981072555205
4,0.9248614958448753,0.9327024185068349
