,train_acc,test_acc
0,0.5791666666666667,0.5333333333333333
1,0.5166666666666667,0.5166666666666667
2,0.49166666666666664,0.43333333333333335
3,0.5291666666666667,0.4666666666666667
4,0.5666666666666667,0.6
