,train_acc,test_acc
0,0.5333333333333333,0.5833333333333334
1,0.49166666666666664,0.48333333333333334
2,0.5375,0.45
3,0.4875,0.7
4,0.5708333333333333,0.55
