,train_acc,test_acc
0,0.9208333333333333,0.5666666666666667
1,0.5875,0.55
2,0.625,0.4
3,0.6291666666666667,0.5166666666666667
4,0.8083333333333333,0.5666666666666667
