,train_acc,test_acc
0,0.9958333333333333,0.8166666666666667
1,0.7208333333333333,0.7166666666666667
2,0.8375,0.23333333333333334
3,0.8125,0.7
4,0.9958333333333333,0.6666666666666666
