,train_acc,test_acc
0,0.95,0.5833333333333334
1,0.5333333333333333,0.5666666666666667
2,0.6541666666666667,0.38333333333333336
3,0.625,0.6
4,0.825,0.5333333333333333
