,train_acc,test_acc
0,0.65,0.55
1,0.5333333333333333,0.5833333333333334
2,0.5208333333333334,0.48333333333333334
3,0.5041666666666667,0.5833333333333334
4,0.5375,0.5666666666666667
