,train_acc,test_acc
0,0.6125,0.5833333333333334
1,0.5708333333333333,0.5666666666666667
2,0.5916666666666667,0.5166666666666667
3,0.5208333333333334,0.43333333333333335
4,0.6041666666666666,0.5333333333333333
