,train_acc,test_acc
0,0.7125,0.6833333333333333
1,0.5416666666666666,0.65
2,0.5166666666666667,0.4166666666666667
3,0.55,0.5833333333333334
4,0.6041666666666666,0.6166666666666667
