,train_acc,test_acc
0,0.75,0.55
1,0.4875,0.48333333333333334
2,0.42916666666666664,0.45
3,0.5583333333333333,0.5833333333333334
4,0.6666666666666666,0.5833333333333334
