,train_acc,test_acc
0,0.6416666666666667,0.5833333333333334
1,0.5416666666666666,0.5666666666666667
2,0.5625,0.45
3,0.49166666666666664,0.65
4,0.5666666666666667,0.6166666666666667
