,train_acc,test_acc
0,1.0,1.0
1,0.9166666666666666,0.9666666666666667
2,0.9791666666666666,0.2
3,0.9708333333333333,0.8166666666666667
4,1.0,0.85
