,train_acc,test_acc
0,0.8375,0.5666666666666667
1,0.575,0.6
2,0.5791666666666667,0.4666666666666667
3,0.6083333333333333,0.7
4,0.6416666666666667,0.6
