,train_acc,test_acc
0,0.975,0.75
1,0.6291666666666667,0.65
2,0.6958333333333333,0.2
3,0.675,0.6333333333333333
4,0.9041666666666667,0.7166666666666667
