,train_acc,test_acc
0,1.0,0.5666666666666667
1,0.5791666666666667,0.43333333333333335
2,0.625,0.15
3,0.6666666666666666,0.43333333333333335
4,0.9458333333333333,0.5166666666666667
