,train_acc,test_acc
0,0.6666666666666666,0.48333333333333334
1,0.5083333333333333,0.5333333333333333
2,0.5416666666666666,0.4166666666666667
3,0.5083333333333333,0.5666666666666667
4,0.5958333333333333,0.55
