,train_acc,test_acc
0,0.9583333333333334,0.7833333333333333
1,0.5958333333333333,0.6
2,0.7791666666666667,0.18333333333333332
3,0.7166666666666667,0.6833333333333333
4,0.8708333333333333,0.65
