,train_acc,test_acc
0,0.7333333333333333,0.65
1,0.525,0.5166666666666667
2,0.6,0.3333333333333333
3,0.6666666666666666,0.5333333333333333
4,0.725,0.6
