,train_acc,test_acc
0,0.9375,0.8333333333333334
1,0.6416666666666667,0.75
2,0.7625,0.2833333333333333
3,0.7833333333333333,0.75
4,0.9125,0.7166666666666667
