,train_acc,test_acc
0,0.7291666666666666,0.48333333333333334
1,0.65,0.5666666666666667
2,0.675,0.35
3,0.6666666666666666,0.55
4,0.7083333333333334,0.6666666666666666
