,train_acc,test_acc
0,0.675,0.5333333333333333
1,0.6416666666666667,0.6833333333333333
2,0.5333333333333333,0.5666666666666667
3,0.5666666666666667,0.6166666666666667
4,0.5541666666666667,0.5666666666666667
