,train_acc,test_acc
0,0.8166666666666667,0.6
1,0.65,0.7166666666666667
2,0.65,0.3
3,0.5875,0.5166666666666667
4,0.7833333333333333,0.6166666666666667
