,train_acc,test_acc
0,0.6375,0.6333333333333333
1,0.5041666666666667,0.65
2,0.5,0.4666666666666667
3,0.5666666666666667,0.5666666666666667
4,0.5875,0.5833333333333334
