,train_acc,test_acc
0,0.8333333333333334,0.7666666666666667
1,0.6625,0.7
2,0.6666666666666666,0.43333333333333335
3,0.7166666666666667,0.6
4,0.775,0.6166666666666667
