,train_acc,test_acc
0,0.6875,0.65
1,0.65,0.65
2,0.6166666666666667,0.3333333333333333
3,0.6416666666666667,0.6666666666666666
4,0.6583333333333333,0.5666666666666667
