,train_acc,test_acc
0,0.6916666666666667,0.5666666666666667
1,0.5583333333333333,0.5666666666666667
2,0.6083333333333333,0.38333333333333336
3,0.5833333333333334,0.6166666666666667
4,0.6541666666666667,0.4666666666666667
