,train_acc,test_acc
0,0.65,0.6333333333333333
1,0.675,0.75
2,0.6083333333333333,0.5333333333333333
3,0.625,0.5333333333333333
4,0.5958333333333333,0.65
