,train_acc,test_acc
0,0.8208333333333333,0.6166666666666667
1,0.5791666666666667,0.6666666666666666
2,0.6041666666666666,0.38333333333333336
3,0.575,0.55
4,0.7166666666666667,0.5333333333333333
