,train_acc,test_acc
0,0.65,0.55
1,0.5833333333333334,0.6166666666666667
2,0.5541666666666667,0.55
3,0.5958333333333333,0.55
4,0.6583333333333333,0.6
