,train_acc,test_acc
0,0.7083333333333334,0.6666666666666666
1,0.6333333333333333,0.6666666666666666
2,0.5708333333333333,0.43333333333333335
3,0.6208333333333333,0.6166666666666667
4,0.7083333333333334,0.6166666666666667
