,train_acc,test_acc
0,0.8458333333333333,0.4666666666666667
1,0.42916666666666664,0.48333333333333334
2,0.5166666666666667,0.4166666666666667
3,0.6333333333333333,0.6
4,0.7708333333333334,0.6833333333333333
