,train_acc,test_acc
0,0.7708333333333334,0.6333333333333333
1,0.5666666666666667,0.48333333333333334
2,0.5583333333333333,0.4
3,0.5708333333333333,0.5833333333333334
4,0.65,0.65
