,train_acc,test_acc
0,0.7958333333333333,0.7666666666666667
1,0.7708333333333334,0.7833333333333333
2,0.75,0.4666666666666667
3,0.6625,0.6666666666666666
4,0.8,0.7166666666666667
