,train_acc,test_acc
0,0.775,0.48333333333333334
1,0.44166666666666665,0.4666666666666667
2,0.5833333333333334,0.4166666666666667
3,0.5333333333333333,0.55
4,0.6708333333333333,0.48333333333333334
