,train_acc,test_acc
0,0.8541666666666666,0.8166666666666667
1,0.6458333333333334,0.6666666666666666
2,0.7791666666666667,0.65
3,0.7916666666666666,0.8
4,0.8,0.7
