,train_acc,test_acc
0,0.7,0.6166666666666667
1,0.55,0.5166666666666667
2,0.6333333333333333,0.5
3,0.5666666666666667,0.5833333333333334
4,0.6708333333333333,0.5166666666666667
