,train_acc,test_acc
0,0.8785491689750693,0.889589905362776
1,0.8679882271468145,0.8738170347003155
2,0.8763850415512465,0.8843322818086226
3,0.8631405817174516,0.8774973711882229
4,0.8814923822714681,0.8995793901156677
