,train_acc,test_acc
0,0.8773372576177285,0.898527865404837
1,0.8664300554016621,0.8717139852786541
2,0.8818386426592798,0.8943217665615142
3,0.8927458448753463,0.9090431125131441
4,0.8865131578947368,0.898527865404837
