,train_acc,test_acc
0,0.8950831024930748,0.9048370136698213
1,0.896814404432133,0.9053627760252366
2,0.8835699445983379,0.8890641430073607
3,0.8964681440443213,0.9022082018927445
4,0.8950831024930748,0.9027339642481599
