,train_acc,test_acc
0,0.8376038781163435,0.8375394321766562
1,0.869373268698061,0.8796004206098843
2,0.8851281163434903,0.9095688748685594
3,0.8688538781163435,0.8848580441640379
4,0.8932652354570637,0.9064143007360673
