,train_acc,test_acc
0,0.9041724376731302,0.9169295478443743
1,0.9049515235457064,0.9143007360672976
2,0.9009695290858726,0.9153522607781283
3,0.902527700831025,0.9148264984227129
4,0.8927458448753463,0.9037854889589906
