,train_acc,test_acc
0,0.7979570637119113,0.8017875920084122
1,0.8083448753462604,0.8296529968454258
2,0.8060941828254847,0.8201892744479495
3,0.805834487534626,0.8212407991587802
4,0.7995152354570637,0.8212407991587802
