,train_acc,test_acc
0,0.8884175900277008,0.9016824395373291
1,0.8818386426592798,0.8906414300736067
2,0.8883310249307479,0.8974763406940063
3,0.8923130193905817,0.898527865404837
4,0.894909972299169,0.9095688748685594
