,train_acc,test_acc
0,0.8910145429362881,0.8964248159831756
1,0.8801939058171745,0.8796004206098843
2,0.8969875346260388,0.9095688748685594
3,0.8853012465373962,0.8943217665615142
4,0.8944771468144044,0.9011566771819137
