,train_acc,test_acc
0,0.8584660664819944,0.8543638275499474
1,0.8645256232686981,0.882229232386961
2,0.8694598337950139,0.8827549947423764
3,0.8802804709141274,0.898527865404837
4,0.8820117728531855,0.8974763406940063
