,train_acc,test_acc
0,0.8726627423822715,0.8838065194532071
1,0.8876385041551247,0.9116719242902208
2,0.8519736842105263,0.8512092534174553
3,0.8885907202216067,0.9048370136698213
4,0.8770775623268698,0.8817034700315457
