,train_acc,test_acc
0,0.881665512465374,0.8964248159831756
1,0.8895429362880887,0.9095688748685594
2,0.8738746537396122,0.8811777076761304
3,0.8861668975069252,0.8990536277602523
4,0.8896295013850416,0.9006309148264984
