,train_acc,test_acc
0,0.9070290858725761,0.917981072555205
1,0.8994113573407202,0.9048370136698213
2,0.8960353185595568,0.9006309148264984
3,0.891101108033241,0.8932702418506835
4,0.900623268698061,0.9169295478443743
