,train_acc,test_acc
0,0.7370152354570637,0.7376445846477392
1,0.7287915512465374,0.7276550998948476
2,0.7222991689750693,0.7234490010515248
3,0.7276662049861495,0.7292323869610936
4,0.7306959833795014,0.7271293375394322
