,train_acc,test_acc
0,1.0,0.8833333333333333
1,1.0,0.9166666666666666
2,1.0,0.8333333333333334
3,1.0,0.9333333333333333
4,1.0,0.9166666666666666
