,train_acc,test_acc
0,0.9958333333333333,1.0
1,0.9958333333333333,1.0
2,1.0,1.0
3,0.9958333333333333,1.0
4,1.0,1.0
