,train_acc,test_acc
0,1.0,0.8166666666666667
1,0.9958333333333333,0.8166666666666667
2,1.0,0.8166666666666667
3,1.0,0.8166666666666667
4,1.0,0.7833333333333333
