,train_acc,test_acc
0,0.9625,0.9333333333333333
1,0.9708333333333333,0.9333333333333333
2,0.9625,0.9
3,0.975,0.95
4,0.975,0.9333333333333333
