,train_acc,test_acc
0,1.0,0.95
1,1.0,0.8666666666666667
2,1.0,0.8833333333333333
3,1.0,0.85
4,1.0,0.9166666666666666
