,train_acc,test_acc
0,0.9791666666666666,0.9
1,0.975,0.9166666666666666
2,0.975,0.9
3,0.9708333333333333,0.9166666666666666
4,0.975,0.9166666666666666
