,train_acc,test_acc
0,0.9625,0.8166666666666667
1,0.9375,0.8166666666666667
2,0.9416666666666667,0.7833333333333333
3,0.9625,0.8
4,0.9583333333333334,0.8166666666666667
