,train_acc,test_acc
0,1.0,0.8666666666666667
1,1.0,0.8666666666666667
2,1.0,0.9166666666666666
3,1.0,0.9166666666666666
4,0.9875,0.8666666666666667
