,train_acc,test_acc
0,0.9958333333333333,0.95
1,0.975,0.9666666666666667
2,0.9791666666666666,0.95
3,0.9875,0.9666666666666667
4,0.9916666666666667,0.9666666666666667
