,train_acc,test_acc
0,0.9958333333333333,0.85
1,1.0,0.85
2,1.0,0.85
3,1.0,0.8666666666666667
4,0.9958333333333333,0.85
