,train_acc,test_acc
0,1.0,0.8666666666666667
1,1.0,0.9
2,0.9916666666666667,0.8666666666666667
3,1.0,0.8833333333333333
4,1.0,0.9166666666666666
