,train_acc,test_acc
0,0.9791666666666666,0.8833333333333333
1,0.9916666666666667,0.8333333333333334
2,0.9833333333333333,0.8
3,0.9875,0.8333333333333334
4,0.975,0.8333333333333334
