,train_acc,test_acc
0,1.0,0.8666666666666667
1,1.0,0.9
2,0.9958333333333333,0.8833333333333333
3,1.0,0.9
4,1.0,0.8666666666666667
