,train_acc,test_acc
0,1.0,0.8333333333333334
1,0.9875,0.85
2,0.9833333333333333,0.8333333333333334
3,1.0,0.8166666666666667
4,0.9916666666666667,0.85
