,train_acc,test_acc
0,0.8291666666666667,0.6833333333333333
1,0.8291666666666667,0.7333333333333333
2,0.8291666666666667,0.7333333333333333
3,0.825,0.75
4,0.8375,0.7
