,train_acc,test_acc
0,0.8333333333333334,0.75
1,0.8125,0.8333333333333334
2,0.825,0.8
3,0.8333333333333334,0.7166666666666667
4,0.8333333333333334,0.7666666666666667
