,train_acc,test_acc
0,0.7916666666666666,0.5833333333333334
1,0.8041666666666667,0.5666666666666667
2,0.7916666666666666,0.6
3,0.8083333333333333,0.6166666666666667
4,0.8125,0.5833333333333334
