,train_acc,test_acc
0,0.7125,0.6833333333333333
1,0.675,0.5833333333333334
2,0.7291666666666666,0.7
3,0.6625,0.5833333333333334
4,0.7,0.6666666666666666
