,train_acc,test_acc
0,0.775,0.8
1,0.7708333333333334,0.75
2,0.8,0.8166666666666667
3,0.7875,0.7833333333333333
4,0.8125,0.7666666666666667
