,train_acc,test_acc
0,0.7958333333333333,0.6333333333333333
1,0.7916666666666666,0.6166666666666667
2,0.7791666666666667,0.6
3,0.7875,0.6666666666666666
4,0.7708333333333334,0.5833333333333334
