,train_acc,test_acc
0,0.8291666666666667,0.6333333333333333
1,0.8333333333333334,0.6166666666666667
2,0.85,0.7
3,0.8333333333333334,0.65
4,0.8166666666666667,0.65
