,train_acc,test_acc
0,0.7166666666666667,0.6
1,0.6833333333333333,0.48333333333333334
2,0.7083333333333334,0.5833333333333334
3,0.6583333333333333,0.5666666666666667
4,0.6916666666666667,0.5666666666666667
