,train_acc,test_acc
0,0.7708333333333334,0.65
1,0.775,0.6666666666666666
2,0.7708333333333334,0.65
3,0.7458333333333333,0.6333333333333333
4,0.7791666666666667,0.65
