,train_acc,test_acc
0,0.7416666666666667,0.6333333333333333
1,0.7708333333333334,0.6
2,0.7333333333333333,0.65
3,0.7541666666666667,0.6333333333333333
4,0.7208333333333333,0.65
