,train_acc,test_acc
0,0.6833333333333333,0.6166666666666667
1,0.7125,0.6
2,0.7041666666666667,0.55
3,0.6875,0.5333333333333333
4,0.7,0.6166666666666667
