,train_acc,test_acc
0,0.9541666666666667,0.9833333333333333
1,0.95,0.9666666666666667
2,0.9458333333333333,0.9666666666666667
3,0.9458333333333333,0.9333333333333333
4,0.9458333333333333,0.9666666666666667
