,train_acc,test_acc
0,0.7666666666666667,0.7666666666666667
1,0.7708333333333334,0.7333333333333333
2,0.8,0.7
3,0.7708333333333334,0.75
4,0.775,0.7666666666666667
