,train_acc,test_acc
0,0.7583333333333333,0.8166666666666667
1,0.7708333333333334,0.8
2,0.7791666666666667,0.8
3,0.7791666666666667,0.8166666666666667
4,0.775,0.8166666666666667
