,train_acc,test_acc
0,0.8458333333333333,0.75
1,0.7416666666666667,0.65
2,0.775,0.75
3,0.7583333333333333,0.7
4,0.7791666666666667,0.7166666666666667
