,train_acc,test_acc
0,1.0,0.9833333333333333
1,1.0,0.9833333333333333
2,1.0,0.9833333333333333
3,0.9958333333333333,1.0
4,1.0,0.9833333333333333
