,train_acc,test_acc
0,0.8541666666666666,0.75
1,0.8583333333333333,0.75
2,0.8333333333333334,0.7
3,0.8958333333333334,0.7833333333333333
4,0.9125,0.7666666666666667
