,train_acc,test_acc
0,0.85,0.75
1,0.85,0.6833333333333333
2,0.8791666666666667,0.7333333333333333
3,0.8708333333333333,0.7
4,0.9166666666666666,0.6833333333333333
