,train_acc,test_acc
0,0.9916666666666667,0.9666666666666667
1,1.0,1.0
2,1.0,0.9833333333333333
3,1.0,0.9833333333333333
4,0.9916666666666667,0.95
