,train_acc,test_acc
0,0.9916666666666667,0.9833333333333333
1,0.9958333333333333,1.0
2,1.0,1.0
3,1.0,1.0
4,0.9583333333333334,0.95
