,train_acc,test_acc
0,0.9958333333333333,1.0
1,1.0,1.0
2,1.0,1.0
3,1.0,1.0
4,0.95,0.9333333333333333
