,train_acc,test_acc
0,0.8708333333333333,0.7666666666666667
1,0.8583333333333333,0.7833333333333333
2,0.8625,0.7666666666666667
3,0.9083333333333333,0.7166666666666667
4,0.8416666666666667,0.7666666666666667
