,train_acc,test_acc
0,0.925,0.85
1,0.8958333333333334,0.8
2,0.9291666666666667,0.8
3,0.9041666666666667,0.8
4,0.8916666666666667,0.7833333333333333
