,train_acc,test_acc
0,0.8791666666666667,0.55
1,0.8583333333333333,0.7166666666666667
2,0.8708333333333333,0.5666666666666667
3,0.8791666666666667,0.5166666666666667
4,0.8958333333333334,0.5666666666666667
