,train_acc,test_acc
0,0.9333333333333333,0.9333333333333333
1,0.9416666666666667,0.9666666666666667
2,0.9583333333333334,0.9666666666666667
3,0.9958333333333333,0.9666666666666667
4,0.925,0.9
