,train_acc,test_acc
0,0.9958333333333333,1.0
1,1.0,0.9833333333333333
2,0.9958333333333333,1.0
3,1.0,1.0
4,0.9791666666666666,0.9166666666666666
