,train_acc,test_acc
0,1.0,0.9833333333333333
1,1.0,1.0
2,1.0,1.0
3,1.0,0.9833333333333333
4,0.9625,0.95
