,train_acc,test_acc
0,0.975,0.9666666666666667
1,1.0,1.0
2,0.9833333333333333,1.0
3,1.0,1.0
4,0.95,0.85
