,train_acc,test_acc
0,1.0,0.9
1,0.9833333333333333,0.8833333333333333
2,0.9666666666666667,0.85
3,0.9916666666666667,0.85
4,0.9583333333333334,0.9166666666666666
