,train_acc,test_acc
0,0.7791666666666667,0.8166666666666667
1,0.7708333333333334,0.75
2,0.7291666666666666,0.7166666666666667
3,0.8083333333333333,0.7333333333333333
4,0.7166666666666667,0.7333333333333333
