,train_acc,test_acc
0,1.0,1.0
1,1.0,1.0
2,0.9916666666666667,0.9666666666666667
3,1.0,1.0
4,1.0,1.0
