,train_acc,test_acc
0,0.975,0.9333333333333333
1,0.9958333333333333,1.0
2,0.9958333333333333,0.9833333333333333
3,1.0,1.0
4,0.9791666666666666,0.8666666666666667
