,train_acc,test_acc
0,0.9666666666666667,0.95
1,0.9916666666666667,0.9833333333333333
2,0.9041666666666667,0.8833333333333333
3,0.9875,0.9666666666666667
4,0.9875,0.95
