,train_acc,test_acc
0,0.9708333333333333,0.9166666666666666
1,0.9875,0.95
2,0.9875,1.0
3,1.0,1.0
4,0.9333333333333333,0.8833333333333333
