,train_acc,test_acc
0,0.893005540166205,0.9064143007360673
1,0.8319771468144044,0.8533123028391167
2,0.8978531855955678,0.9121976866456362
3,0.8925727146814404,0.9116719242902208
4,0.8914473684210527,0.9137749737118822
