,train_acc,test_acc
0,0.8699792243767313,0.889589905362776
1,0.8532721606648199,0.8654048370136698
2,0.867468836565097,0.8774973711882229
3,0.8516274238227147,0.8622502628811777
4,0.8614958448753463,0.8722397476340694
