,train_acc,test_acc
0,0.6887984764542936,0.6903259726603576
1,0.6939923822714681,0.6903259726603576
2,0.6886253462603878,0.6855941114616193
3,0.6942520775623269,0.6913774973711883
4,0.6907894736842105,0.6934805467928497
