,train_acc,test_acc
0,0.9171572022160664,0.9258675078864353
1,0.9105782548476454,0.9206098843322819
2,0.900623268698061,0.9121976866456362
3,0.9133483379501385,0.9185068349106204
4,0.8510214681440443,0.8638275499474237
