,train_acc,test_acc
0,0.8846087257617729,0.8964248159831756
1,0.8897160664819944,0.9079915878023134
2,0.8666031855955678,0.8922187171398528
3,0.8742209141274239,0.8901156677181914
4,0.8845221606648199,0.9016824395373291
