,train_acc,test_acc
0,0.889196675900277,0.9064143007360673
1,0.8917070637119113,0.9048370136698213
2,0.8805401662049861,0.8958990536277602
3,0.8877250692520776,0.900105152471083
4,0.8184729916897507,0.8359621451104101
