,train_acc,test_acc
0,0.8726627423822715,0.8690851735015773
1,0.8679882271468145,0.882229232386961
2,0.8614958448753463,0.8711882229232387
3,0.8676419667590027,0.879074658254469
4,0.8396814404432132,0.8585699263932702
