,train_acc,test_acc
0,0.7393524930747922,0.7302839116719243
1,0.7282721606648199,0.7245005257623555
2,0.7390062326869806,0.7171398527865405
3,0.72351108033241,0.7166140904311251
4,0.7242036011080333,0.7245005257623555
