,train_acc,test_acc
0,0.8812326869806094,0.8943217665615142
1,0.858898891966759,0.8543638275499474
2,0.881578947368421,0.8953732912723449
3,0.8742209141274239,0.8937960042060988
4,0.8833968144044322,0.8943217665615142
