,train_acc,test_acc
0,0.6853358725761773,0.6945320715036803
1,0.7056786703601108,0.6982124079915878
2,0.672351108033241,0.6724500525762356
3,0.6958968144044322,0.7060988433228181
4,0.6932998614958449,0.6971608832807571
