,train_acc,test_acc
0,0.879674515235457,0.8969505783385909
1,0.8788954293628809,0.8827549947423764
2,0.8850415512465374,0.8937960042060988
3,0.8737015235457064,0.8827549947423764
4,0.881665512465374,0.8869610935856993
