,train_acc,test_acc
0,0.7782202216066482,0.7965299684542587
1,0.7873095567867036,0.8028391167192429
2,0.7628981994459834,0.7602523659305994
3,0.7804709141274239,0.7970557308096741
4,0.7768351800554016,0.8028391167192429
