,train_acc,test_acc
0,0.9520429362880887,0.9505783385909569
1,0.9460699445983379,0.9442691903259727
2,0.9553324099722992,0.9558359621451105
3,0.951696675900277,0.9558359621451105
4,0.9540339335180056,0.9558359621451105
