,train_acc,test_acc
0,0.9571502770083102,0.9589905362776026
1,0.9489265927977839,0.9453207150368034
2,0.9541204986149584,0.9563617245005258
3,0.959314404432133,0.961093585699264
4,0.9592278393351801,0.9589905362776026
