,train_acc,test_acc
0,0.9540339335180056,0.9547844374342797
1,0.9490131578947368,0.9474237644584648
2,0.9479743767313019,0.9490010515247108
3,0.9597472299168975,0.9584647739221872
4,0.9485803324099723,0.9484752891692955
