,train_acc,test_acc
0,0.9543801939058172,0.9584647739221872
1,0.9560249307479224,0.9600420609884333
2,0.9568905817174516,0.9589905362776026
3,0.9584487534626038,0.9605678233438486
4,0.9519563711911357,0.9479495268138801
