,train_acc,test_acc
0,0.954553324099723,0.955310199789695
1,0.9581024930747922,0.9621451104100947
2,0.9535145429362881,0.955310199789695
3,0.9578427977839336,0.9616193480546793
4,0.9573234072022161,0.9584647739221872
