,train_acc,test_acc
0,0.958362188365651,0.9605678233438486
1,0.9548130193905817,0.9563617245005258
2,0.9547264542936288,0.9558359621451105
3,0.9536876731301939,0.953732912723449
4,0.9551592797783933,0.9568874868559412
