,train_acc,test_acc
0,0.9478012465373962,0.9500525762355415
1,0.9512638504155124,0.9516298633017876
2,0.9534279778393352,0.9568874868559412
3,0.9540339335180056,0.9532071503680336
4,0.9541204986149584,0.9479495268138801
