,train_acc,test_acc
0,0.9521295013850416,0.9505783385909569
1,0.9551592797783933,0.9532071503680336
2,0.9595740997229917,0.9584647739221872
3,0.9568040166204986,0.9589905362776026
4,0.9551592797783933,0.9584647739221872
