,train_acc,test_acc
0,0.7370152354570637,0.7292323869610936
1,0.7375346260387812,0.732912723449001
2,0.7256752077562327,0.7113564668769716
3,0.7303497229916898,0.7166140904311251
4,0.742468836565097,0.7360672975814931
