,train_acc,test_acc
0,0.9548130193905817,0.9605678233438486
1,0.9514369806094183,0.9521556256572029
2,0.9534279778393352,0.9568874868559412
3,0.9547264542936288,0.953732912723449
4,0.9535145429362881,0.9490010515247108
