,train_acc,test_acc
0,0.741516620498615,0.729758149316509
1,0.7409972299168975,0.7266035751840169
2,0.7422957063711911,0.7355415352260778
3,0.7429882271468145,0.7344900105152471
4,0.7371018005540166,0.7276550998948476
