,train_acc,test_acc
0,0.823840027700831,0.814931650893796
1,0.8264369806094183,0.8286014721345951
2,0.8288608033240997,0.8228180862250263
3,0.8267832409972299,0.8307045215562566
4,0.8160491689750693,0.8275499474237644
