,train_acc,test_acc
0,0.9522160664819944,0.9547844374342797
1,0.9460699445983379,0.9458464773922187
2,0.951696675900277,0.9532071503680336
3,0.941222299168975,0.9453207150368034
4,0.9521295013850416,0.953732912723449
