,train_acc,test_acc
0,0.938452216066482,0.9442691903259727
1,0.9324792243767313,0.9400630914826499
2,0.9345567867036011,0.9411146161934806
3,0.9410491689750693,0.9458464773922187
4,0.9419148199445984,0.9400630914826499
