,train_acc,test_acc
0,0.6541666666666667,0.5833333333333334
1,0.6125,0.6
2,0.6166666666666667,0.6333333333333333
3,0.6291666666666667,0.5333333333333333
4,0.6625,0.5166666666666667
