,mean_fit_time,std_fit_time,mean_score_time,std_score_time,param_batch_size,param_learning_rate,param_max_vmap,params,split0_test_accuracy,split1_test_accuracy,split2_test_accuracy,split3_test_accuracy,split4_test_accuracy,mean_test_accuracy,std_test_accuracy,rank_test_accuracy,split0_test_roc_auc,split1_test_roc_auc,split2_test_roc_auc,split3_test_roc_auc,split4_test_roc_auc,mean_test_roc_auc,std_test_roc_auc,rank_test_roc_auc
0,40.19173974990845,14.836801680372858,0.6178892135620118,0.012060326772622601,32,0.001,1,"{'batch_size': 32, 'learning_rate': 0.001, 'max_vmap': 1}",0.625,0.5416666666666666,0.5625,0.6458333333333334,0.5208333333333334,0.5791666666666667,0.04823265376162594,3,0.6469565217391304,0.5321739130434783,0.6278260869565218,0.6991304347826087,0.4774305555555556,0.596703502415459,0.08046783388530768,3
1,23.18426275253296,3.3978295436234025,0.5383875846862793,0.05760171746821542,32,0.01,1,"{'batch_size': 32, 'learning_rate': 0.01, 'max_vmap': 1}",0.5416666666666666,0.7916666666666666,0.6875,0.7291666666666666,0.5625,0.6624999999999999,0.09628516673576118,1,0.6539130434782608,0.8017391304347827,0.7078260869565218,0.8678260869565217,0.578125,0.7218858695652175,0.1031118426904717,1
2,13.975592136383057,1.0618630295390896,0.467833423614502,0.01457206296071514,32,0.1,1,"{'batch_size': 32, 'learning_rate': 0.1, 'max_vmap': 1}",0.5,0.7708333333333334,0.6875,0.7291666666666666,0.5833333333333334,0.6541666666666667,0.09912814377808599,2,0.5826086956521739,0.782608695652174,0.6852173913043479,0.8139130434782609,0.5815972222222222,0.6891890096618358,0.09719511526121134,2
