,mean_fit_time,std_fit_time,mean_score_time,std_score_time,param_batch_size,param_learning_rate,param_max_vmap,params,split0_test_accuracy,split1_test_accuracy,split2_test_accuracy,split3_test_accuracy,split4_test_accuracy,mean_test_accuracy,std_test_accuracy,rank_test_accuracy,split0_test_roc_auc,split1_test_roc_auc,split2_test_roc_auc,split3_test_roc_auc,split4_test_roc_auc,mean_test_roc_auc,std_test_roc_auc,rank_test_roc_auc
0,30.386517667770384,4.567066369192082,0.5125811100006104,0.024649713938765964,32,0.001,1,"{'batch_size': 32, 'learning_rate': 0.001, 'max_vmap': 1}",0.6458333333333334,0.625,0.625,0.6666666666666666,0.6041666666666666,0.6333333333333333,0.02124591463996994,1,0.6817391304347827,0.6678260869565218,0.662608695652174,0.6313043478260869,0.654513888888889,0.6595984299516909,0.01669355743038837,2
1,12.764432764053344,0.363554450134981,0.487120532989502,0.008305561243555687,32,0.01,1,"{'batch_size': 32, 'learning_rate': 0.01, 'max_vmap': 1}",0.6041666666666666,0.6666666666666666,0.6041666666666666,0.6458333333333334,0.5833333333333334,0.6208333333333333,0.03061862178478972,2,0.648695652173913,0.7234782608695652,0.6799999999999999,0.6539130434782608,0.6475694444444444,0.6707312801932366,0.028889602839036257,1
2,12.32641921043396,1.1701416528921147,0.4985061168670654,0.0023075956724009934,32,0.1,1,"{'batch_size': 32, 'learning_rate': 0.1, 'max_vmap': 1}",0.5833333333333334,0.6041666666666666,0.6041666666666666,0.5833333333333334,0.5,0.575,0.038640077064565424,3,0.6226086956521739,0.671304347826087,0.688695652173913,0.6452173913043479,0.5138888888888888,0.6283429951690821,0.06149063491287038,3
