,mean_fit_time,std_fit_time,mean_score_time,std_score_time,param_batch_size,param_learning_rate,param_max_vmap,params,split0_test_accuracy,split1_test_accuracy,split2_test_accuracy,split3_test_accuracy,split4_test_accuracy,mean_test_accuracy,std_test_accuracy,rank_test_accuracy,split0_test_roc_auc,split1_test_roc_auc,split2_test_roc_auc,split3_test_roc_auc,split4_test_roc_auc,mean_test_roc_auc,std_test_roc_auc,rank_test_roc_auc
0,36.84696888923645,4.82896780282456,0.47143402099609377,0.0017927383827334525,32,0.001,1,"{'batch_size': 32, 'learning_rate': 0.001, 'max_vmap': 1}",0.6875,0.6458333333333334,0.5208333333333334,0.625,0.6041666666666666,0.6166666666666667,0.05527707983925666,3,0.7413194444444444,0.7083333333333333,0.5295138888888888,0.6892361111111112,0.6631944444444445,0.6663194444444445,0.07299433693998901,3
1,20.05170159339905,3.0605991755611583,0.47320032119750977,0.003667524219394418,32,0.01,1,"{'batch_size': 32, 'learning_rate': 0.01, 'max_vmap': 1}",0.75,0.6458333333333334,0.6041666666666666,0.625,0.5625,0.6375,0.06263873490988713,2,0.7916666666666667,0.7430555555555555,0.7378472222222223,0.704861111111111,0.6805555555555556,0.7315972222222223,0.03767961101736262,2
2,18.145122051239014,2.604936855420257,0.47401766777038573,0.003854203617006351,32,0.1,1,"{'batch_size': 32, 'learning_rate': 0.1, 'max_vmap': 1}",0.6666666666666666,0.6666666666666666,0.6458333333333334,0.6458333333333334,0.7291666666666666,0.6708333333333333,0.0306186217847897,1,0.7829861111111112,0.6684027777777778,0.7708333333333334,0.75,0.84375,0.7631944444444445,0.056742953143817616,1
