,train_acc,test_acc
0,0.6958333333333333,0.7333333333333333
1,0.7208333333333333,0.7333333333333333
2,0.7125,0.7333333333333333
3,0.6625,0.6333333333333333
4,0.7,0.7666666666666667
