,mean_fit_time,std_fit_time,mean_score_time,std_score_time,param_batch_size,param_learning_rate,param_max_vmap,params,split0_test_accuracy,split1_test_accuracy,split2_test_accuracy,split3_test_accuracy,split4_test_accuracy,mean_test_accuracy,std_test_accuracy,rank_test_accuracy,split0_test_roc_auc,split1_test_roc_auc,split2_test_roc_auc,split3_test_roc_auc,split4_test_roc_auc,mean_test_roc_auc,std_test_roc_auc,rank_test_roc_auc
0,27.89918942451477,2.0698031041268368,0.5024747848510742,0.015905568940670443,32,0.001,1,"{'batch_size': 32, 'learning_rate': 0.001, 'max_vmap': 1}",0.6875,0.8541666666666666,0.6875,0.8541666666666666,0.7708333333333334,0.7708333333333333,0.07453559924999298,3,0.8,0.8956521739130435,0.8034782608695652,0.8975694444444444,0.8784722222222222,0.855034420289855,0.04403449951902976,3
1,24.413604497909546,1.2544582826022859,0.49605021476745603,0.01101167971910794,32,0.01,1,"{'batch_size': 32, 'learning_rate': 0.01, 'max_vmap': 1}",0.8333333333333334,0.8541666666666666,0.75,0.8541666666666666,0.875,0.8333333333333333,0.04370036867375631,2,0.8782608695652174,0.9460869565217391,0.8521739130434782,0.9427083333333333,0.9461805555555555,0.9130821256038647,0.03996215045020558,1
2,13.480378198623658,0.7785763717024586,0.5109442234039306,0.017782389199062543,32,0.1,1,"{'batch_size': 32, 'learning_rate': 0.1, 'max_vmap': 1}",0.8333333333333334,0.8541666666666666,0.7291666666666666,0.8958333333333334,0.8541666666666666,0.8333333333333334,0.05590169943749476,1,0.8626086956521739,0.9339130434782609,0.8452173913043479,0.9427083333333334,0.9184027777777777,0.9005700483091788,0.03926926932084807,2
