,train_acc,test_acc
0,0.7916666666666666,0.65
1,0.7625,0.7
2,0.7625,0.65
3,0.7583333333333333,0.6666666666666666
4,0.7583333333333333,0.6666666666666666
