,train_acc,test_acc
0,0.7125,0.7
1,0.7333333333333333,0.65
2,0.7166666666666667,0.65
3,0.7333333333333333,0.75
4,0.7,0.7333333333333333
