,train_acc,test_acc
0,0.7041666666666667,0.5666666666666667
1,0.7333333333333333,0.6166666666666667
2,0.7208333333333333,0.6333333333333333
3,0.7041666666666667,0.5666666666666667
4,0.7041666666666667,0.6166666666666667
