,train_acc,test_acc
0,0.6833333333333333,0.5833333333333334
1,0.7333333333333333,0.65
2,0.725,0.6
3,0.7125,0.7
4,0.7,0.6166666666666667
