,train_acc,test_acc
0,0.6791666666666667,0.5666666666666667
1,0.6166666666666667,0.5166666666666667
2,0.6208333333333333,0.55
3,0.5791666666666667,0.5833333333333334
4,0.6125,0.6333333333333333
