,train_acc,test_acc
0,0.7083333333333334,0.65
1,0.6958333333333333,0.7166666666666667
2,0.7333333333333333,0.8
3,0.7416666666666667,0.6833333333333333
4,0.7416666666666667,0.7666666666666667
