,train_acc,test_acc
0,0.8125,0.75
1,0.8166666666666667,0.7166666666666667
2,0.7708333333333334,0.7666666666666667
3,0.7916666666666666,0.7666666666666667
4,0.7666666666666667,0.6166666666666667
