,train_acc,test_acc
0,0.725,0.7666666666666667
1,0.7166666666666667,0.8166666666666667
2,0.6958333333333333,0.7166666666666667
3,0.7291666666666666,0.75
4,0.7208333333333333,0.75
