,train_acc,test_acc
0,0.7,0.6
1,0.6875,0.6
2,0.6666666666666666,0.5666666666666667
3,0.6333333333333333,0.6333333333333333
4,0.675,0.5833333333333334
