,mean_fit_time,std_fit_time,mean_score_time,std_score_time,param_batch_size,param_learning_rate,param_max_vmap,params,split0_test_accuracy,split1_test_accuracy,split2_test_accuracy,split3_test_accuracy,split4_test_accuracy,mean_test_accuracy,std_test_accuracy,rank_test_accuracy,split0_test_roc_auc,split1_test_roc_auc,split2_test_roc_auc,split3_test_roc_auc,split4_test_roc_auc,mean_test_roc_auc,std_test_roc_auc,rank_test_roc_auc
0,48.352866649627686,16.36127921237517,0.4896239280700684,0.002735014540091268,32,0.001,1,"{'batch_size': 32, 'learning_rate': 0.001, 'max_vmap': 1}",0.6041666666666666,0.6666666666666666,0.6041666666666666,0.4791666666666667,0.7083333333333334,0.6125,0.07750448015724282,3,0.6458333333333334,0.7222222222222222,0.6163194444444445,0.45739130434782604,0.7756521739130434,0.6434836956521739,0.1086665152238683,3
1,20.092906951904297,4.85447436458861,0.48766212463378905,0.007240004086436976,32,0.01,1,"{'batch_size': 32, 'learning_rate': 0.01, 'max_vmap': 1}",0.625,0.7083333333333334,0.5416666666666666,0.7083333333333334,0.8333333333333334,0.6833333333333333,0.09718253158075503,1,0.703125,0.7447916666666667,0.6579861111111112,0.7982608695652174,0.8921739130434783,0.7592675120772946,0.08099882380669403,1
2,13.75863175392151,2.8287023867013916,0.4918206691741943,0.004734829303893571,32,0.1,1,"{'batch_size': 32, 'learning_rate': 0.1, 'max_vmap': 1}",0.6666666666666666,0.6666666666666666,0.625,0.625,0.7083333333333334,0.6583333333333333,0.031180478223116186,2,0.7274305555555555,0.7465277777777778,0.6423611111111112,0.6991304347826087,0.8817391304347826,0.7394378019323672,0.07936331339346343,2
