,mean_fit_time,std_fit_time,mean_score_time,std_score_time,param_batch_size,param_learning_rate,param_max_vmap,params,split0_test_accuracy,split1_test_accuracy,split2_test_accuracy,split3_test_accuracy,split4_test_accuracy,mean_test_accuracy,std_test_accuracy,rank_test_accuracy,split0_test_roc_auc,split1_test_roc_auc,split2_test_roc_auc,split3_test_roc_auc,split4_test_roc_auc,mean_test_roc_auc,std_test_roc_auc,rank_test_roc_auc
0,111.7505968093872,39.6759741136316,0.9706840991973877,0.012751581501420282,32,0.001,1,"{'batch_size': 32, 'learning_rate': 0.001, 'max_vmap': 1}",0.9583333333333334,0.9166666666666666,0.9166666666666666,0.625,0.5625,0.7958333333333333,0.16687486995417322,3,0.9878472222222222,0.9513888888888888,0.9791666666666667,0.6909722222222223,0.5565217391304348,0.833179347826087,0.17661837008220177,3
1,48.78788576126099,8.766645560863385,0.9697417259216309,0.008777090838916694,32,0.01,1,"{'batch_size': 32, 'learning_rate': 0.01, 'max_vmap': 1}",0.9583333333333334,0.9375,0.9166666666666666,0.8541666666666666,0.7708333333333334,0.8875,0.06795627679291705,1,0.9895833333333334,0.967013888888889,0.9791666666666667,0.9322916666666666,0.8886956521739131,0.9513502415458938,0.036795922350202584,2
2,27.441548776626586,1.049000140038222,1.0059640407562256,0.03638850620459205,32,0.1,1,"{'batch_size': 32, 'learning_rate': 0.1, 'max_vmap': 1}",0.9791666666666666,0.9166666666666666,0.9375,0.7708333333333334,0.75,0.8708333333333332,0.09260879487872027,2,0.9965277777777778,0.9392361111111112,0.9878472222222222,0.8958333333333333,0.9530434782608697,0.9544975845410629,0.03620844333320897,1
