,mean_fit_time,std_fit_time,mean_score_time,std_score_time,param_batch_size,param_learning_rate,param_max_vmap,params,split0_test_accuracy,split1_test_accuracy,split2_test_accuracy,split3_test_accuracy,split4_test_accuracy,mean_test_accuracy,std_test_accuracy,rank_test_accuracy,split0_test_roc_auc,split1_test_roc_auc,split2_test_roc_auc,split3_test_roc_auc,split4_test_roc_auc,mean_test_roc_auc,std_test_roc_auc,rank_test_roc_auc
0,36.21329135894776,3.7912298996442613,0.5748839855194092,0.026174913755125855,32,0.001,1,"{'batch_size': 32, 'learning_rate': 0.001, 'max_vmap': 1}",0.75,0.6875,0.6666666666666666,0.7083333333333334,0.6666666666666666,0.6958333333333333,0.031180478223116197,3,0.8003472222222222,0.7430555555555556,0.8003472222222222,0.7413194444444445,0.7638888888888888,0.7697916666666667,0.026182489613206718,3
1,19.98534779548645,3.1718494014204124,0.5730841636657715,0.048129982342543016,32,0.01,1,"{'batch_size': 32, 'learning_rate': 0.01, 'max_vmap': 1}",0.7708333333333334,0.7291666666666666,0.7708333333333334,0.7708333333333334,0.625,0.7333333333333334,0.05651941652604392,1,0.8107638888888887,0.8020833333333334,0.8524305555555556,0.8298611111111112,0.734375,0.8059027777777779,0.03973229767324138,1
2,13.943075370788574,1.155746851002586,0.5426069736480713,0.024498224975444332,32,0.1,1,"{'batch_size': 32, 'learning_rate': 0.1, 'max_vmap': 1}",0.6875,0.7083333333333334,0.7083333333333334,0.7916666666666666,0.6666666666666666,0.7125,0.042491829279939865,2,0.7795138888888888,0.8038194444444444,0.7916666666666667,0.845486111111111,0.7256944444444444,0.789236111111111,0.03876779260968001,2
