,train_acc,test_acc
0,0.775,0.8
1,0.9125,0.8833333333333333
2,0.9125,0.9
3,0.9083333333333333,0.9
4,0.9291666666666667,0.9166666666666666
