,train_acc,test_acc
0,0.525,0.6166666666666667
1,0.575,0.5833333333333334
2,0.6791666666666667,0.7333333333333333
3,0.5875,0.6
4,0.5958333333333333,0.6333333333333333
