,mean_fit_time,std_fit_time,mean_score_time,std_score_time,param_batch_size,param_learning_rate,param_max_vmap,params,split0_test_accuracy,split1_test_accuracy,split2_test_accuracy,split3_test_accuracy,split4_test_accuracy,mean_test_accuracy,std_test_accuracy,rank_test_accuracy,split0_test_roc_auc,split1_test_roc_auc,split2_test_roc_auc,split3_test_roc_auc,split4_test_roc_auc,mean_test_roc_auc,std_test_roc_auc,rank_test_roc_auc
0,25.98783345222473,2.903792444959049,0.5971842288970948,0.04035682705880365,32,0.001,1,"{'batch_size': 32, 'learning_rate': 0.001, 'max_vmap': 1}",0.5833333333333334,0.4791666666666667,0.625,0.5625,0.5416666666666666,0.5583333333333333,0.04823265376162594,3,0.6493055555555556,0.5243055555555556,0.7291666666666666,0.5572916666666666,0.5026086956521739,0.5925356280193237,0.08470560566990275,1
1,20.044573736190795,3.6420024913751954,0.5325091361999512,0.05887298310620687,32,0.01,1,"{'batch_size': 32, 'learning_rate': 0.01, 'max_vmap': 1}",0.6458333333333334,0.5,0.6666666666666666,0.4791666666666667,0.5416666666666666,0.5666666666666667,0.07614861201040443,2,0.65625,0.4965277777777778,0.71875,0.4670138888888889,0.528695652173913,0.573447463768116,0.09717670053797643,3
2,14.200804328918457,0.6997010090567989,0.45755348205566404,0.006716498377167779,32,0.1,1,"{'batch_size': 32, 'learning_rate': 0.1, 'max_vmap': 1}",0.6666666666666666,0.5416666666666666,0.625,0.5833333333333334,0.5208333333333334,0.5875,0.05335936864527372,1,0.6753472222222223,0.5034722222222223,0.7239583333333334,0.5416666666666667,0.5060869565217392,0.5901062801932367,0.09175346667799812,2
