,mean_fit_time,std_fit_time,mean_score_time,std_score_time,param_batch_size,param_learning_rate,param_max_vmap,params,split0_test_accuracy,split1_test_accuracy,split2_test_accuracy,split3_test_accuracy,split4_test_accuracy,mean_test_accuracy,std_test_accuracy,rank_test_accuracy,split0_test_roc_auc,split1_test_roc_auc,split2_test_roc_auc,split3_test_roc_auc,split4_test_roc_auc,mean_test_roc_auc,std_test_roc_auc,rank_test_roc_auc
0,59.446993827819824,6.118179848487515,0.5865789413452148,0.018544903493444374,32,0.001,1,"{'batch_size': 32, 'learning_rate': 0.001, 'max_vmap': 1}",0.625,0.625,0.6041666666666666,0.5625,0.5416666666666666,0.5916666666666666,0.03385016001931651,3,0.7083333333333334,0.6302083333333334,0.6076388888888888,0.5920138888888888,0.6156521739130435,0.6307693236714976,0.04069894165754671,3
1,27.808763790130616,4.072000950983443,0.5337753295898438,0.0625001355078334,32,0.01,1,"{'batch_size': 32, 'learning_rate': 0.01, 'max_vmap': 1}",0.75,0.7083333333333334,0.5,0.625,0.6041666666666666,0.6375,0.08700255424092126,1,0.857638888888889,0.7795138888888888,0.45486111111111105,0.6753472222222222,0.6434782608695653,0.6821678743961354,0.13673192428307768,1
2,13.23027400970459,0.6800108870681183,0.4549844264984131,0.008509662654156695,32,0.1,1,"{'batch_size': 32, 'learning_rate': 0.1, 'max_vmap': 1}",0.6875,0.6875,0.5416666666666666,0.6458333333333334,0.5625,0.625,0.06180165405913054,2,0.8506944444444444,0.7569444444444444,0.5381944444444444,0.657986111111111,0.5739130434782609,0.675546497584541,0.11559043360998063,2
