,mean_fit_time,std_fit_time,mean_score_time,std_score_time,param_batch_size,param_learning_rate,param_max_vmap,params,split0_test_accuracy,split1_test_accuracy,split2_test_accuracy,split3_test_accuracy,split4_test_accuracy,mean_test_accuracy,std_test_accuracy,rank_test_accuracy,split0_test_roc_auc,split1_test_roc_auc,split2_test_roc_auc,split3_test_roc_auc,split4_test_roc_auc,mean_test_roc_auc,std_test_roc_auc,rank_test_roc_auc
0,25.82707471847534,5.324396987160091,0.5506884098052979,0.010887527727077486,32,0.001,1,"{'batch_size': 32, 'learning_rate': 0.001, 'max_vmap': 1}",0.5416666666666666,0.3541666666666667,0.5,0.4375,0.6041666666666666,0.4875,0.08599903100229286,3,0.5437062937062938,0.37412587412587406,0.5182608695652173,0.3669565217391304,0.5826086956521739,0.4771316509577379,0.0894404291099996,3
1,27.693890619277955,6.704298408567395,0.5445805549621582,0.022693932490603287,32,0.01,1,"{'batch_size': 32, 'learning_rate': 0.01, 'max_vmap': 1}",0.6875,0.5208333333333334,0.4375,0.6875,0.5208333333333334,0.5708333333333334,0.09999999999999999,2,0.6993006993006993,0.5944055944055944,0.4539130434782609,0.7043478260869565,0.5182608695652173,0.5940456065673457,0.09861623128968278,2
2,18.163034439086914,2.0345244596665224,0.5499946594238281,0.00886929723614099,32,0.1,1,"{'batch_size': 32, 'learning_rate': 0.1, 'max_vmap': 1}",0.6666666666666666,0.5416666666666666,0.6666666666666666,0.6458333333333334,0.5208333333333334,0.6083333333333334,0.0637377439199098,1,0.7290209790209791,0.6328671328671328,0.6330434782608696,0.6295652173913043,0.5843478260869566,0.6417689267254485,0.04735907375495021,1
