,mean_fit_time,std_fit_time,mean_score_time,std_score_time,param_batch_size,param_learning_rate,param_max_vmap,params,split0_test_accuracy,split1_test_accuracy,split2_test_accuracy,split3_test_accuracy,split4_test_accuracy,mean_test_accuracy,std_test_accuracy,rank_test_accuracy,split0_test_roc_auc,split1_test_roc_auc,split2_test_roc_auc,split3_test_roc_auc,split4_test_roc_auc,mean_test_roc_auc,std_test_roc_auc,rank_test_roc_auc
0,23.54704933166504,7.100901264626156,0.570441722869873,0.0052544798000657,32,0.01,1,"{'batch_size': 32, 'learning_rate': 0.01, 'max_vmap': 1}",0.5208333333333334,0.5625,0.625,0.6458333333333334,0.4166666666666667,0.5541666666666667,0.0818620112682854,1,0.53125,0.5130434782608696,0.5373913043478261,0.6713043478260871,0.4521739130434782,0.5410326086956523,0.0717759622183008,1
1,15.837790536880494,3.231762600954781,0.5792144775390625,0.0601612835106715,32,0.1,1,"{'batch_size': 32, 'learning_rate': 0.1, 'max_vmap': 1}",0.5,0.5208333333333334,0.5208333333333334,0.5625,0.375,0.4958333333333334,0.0637377439199098,2,0.4791666666666667,0.4869565217391304,0.5426086956521738,0.5843478260869566,0.3113043478260869,0.4808768115942028,0.0930717833599581,2
2,18.94486927986145,1.372776099917328,0.4583237171173095,0.0069279031992148,32,0.001,1,"{'batch_size': 32, 'learning_rate': 0.001, 'max_vmap': 1}",0.5,0.5,0.5416666666666666,0.5,0.3958333333333333,0.4875,0.0485912657903775,3,0.4427083333333333,0.4730434782608694,0.5165217391304348,0.4956521739130435,0.4104347826086956,0.4676721014492753,0.0376757843504686,3
