,mean_fit_time,std_fit_time,mean_score_time,std_score_time,param_batch_size,param_learning_rate,param_max_vmap,params,split0_test_accuracy,split1_test_accuracy,split2_test_accuracy,split3_test_accuracy,split4_test_accuracy,mean_test_accuracy,std_test_accuracy,rank_test_accuracy,split0_test_roc_auc,split1_test_roc_auc,split2_test_roc_auc,split3_test_roc_auc,split4_test_roc_auc,mean_test_roc_auc,std_test_roc_auc,rank_test_roc_auc
0,26.128348302841186,3.5742909889658483,0.8697474956512451,0.03817350640344762,32,0.001,1,"{'batch_size': 32, 'learning_rate': 0.001, 'max_vmap': 1}",0.5208333333333334,0.5,0.5,0.5416666666666666,0.5833333333333334,0.5291666666666667,0.031180478223116186,2,0.9826086956521739,0.9444444444444445,0.9965277777777778,0.984375,0.9913194444444444,0.9798550724637682,0.018392040070196347,1
1,30.945427322387694,3.64870322910789,0.7972727298736573,0.05577690741114703,32,0.01,1,"{'batch_size': 32, 'learning_rate': 0.01, 'max_vmap': 1}",0.5833333333333334,0.5,0.6041666666666666,0.4583333333333333,0.5833333333333334,0.5458333333333334,0.05651941652604391,1,0.9130434782608695,0.9184027777777777,0.8975694444444444,0.3888888888888889,0.611111111111111,0.7458031400966183,0.21275464843794342,3
2,19.68846435546875,3.506051542640033,0.7224331378936768,0.004263574844454931,32,0.1,1,"{'batch_size': 32, 'learning_rate': 0.1, 'max_vmap': 1}",0.5208333333333334,0.5,0.5,0.5,0.5625,0.5166666666666667,0.024295632895188754,3,0.9547826086956521,0.9322916666666666,0.9392361111111112,0.3576388888888889,0.7569444444444444,0.7881787439613527,0.22701711771468666,2
