,train_acc,test_acc
0,0.7375,0.7
1,0.7166666666666667,0.6166666666666667
2,0.725,0.7833333333333333
3,0.725,0.7166666666666667
4,0.7375,0.6666666666666666
