,train_acc,test_acc
0,0.5291666666666667,0.5333333333333333
1,0.5416666666666666,0.5333333333333333
2,0.5291666666666667,0.5333333333333333
3,0.5541666666666667,0.48333333333333334
4,0.5166666666666667,0.4666666666666667
