,train_acc,test_acc
0,0.625,0.4166666666666667
1,0.6291666666666667,0.45
2,0.5666666666666667,0.6
3,0.5791666666666667,0.5666666666666667
4,0.6,0.5666666666666667
