,train_acc,test_acc
0,0.6125,0.55
1,0.6375,0.6666666666666666
2,0.6583333333333333,0.6833333333333333
3,0.6291666666666667,0.6666666666666666
4,0.65,0.6166666666666667
