,train_acc,test_acc
0,0.7291666666666666,0.8
1,0.7458333333333333,0.8166666666666667
2,0.6166666666666667,0.65
3,0.7125,0.8166666666666667
4,0.8125,0.8666666666666667
