,mean_fit_time,std_fit_time,mean_score_time,std_score_time,param_batch_size,param_learning_rate,param_max_vmap,params,split0_test_accuracy,split1_test_accuracy,split2_test_accuracy,split3_test_accuracy,split4_test_accuracy,mean_test_accuracy,std_test_accuracy,rank_test_accuracy,split0_test_roc_auc,split1_test_roc_auc,split2_test_roc_auc,split3_test_roc_auc,split4_test_roc_auc,mean_test_roc_auc,std_test_roc_auc,rank_test_roc_auc
0,40.364874839782715,10.639940827465551,0.544974422454834,0.004849187750931862,32,0.001,1,"{'batch_size': 32, 'learning_rate': 0.001, 'max_vmap': 1}",0.4583333333333333,0.5208333333333334,0.5416666666666666,0.4791666666666667,0.5208333333333334,0.5041666666666667,0.03061862178478973,3,0.4615384615384615,0.5652173913043478,0.5269565217391304,0.471304347826087,0.5930434782608696,0.5236120401337793,0.051287696844011486,3
1,21.980498456954955,3.672220768273052,0.5452645778656006,0.006469601093857572,32,0.01,1,"{'batch_size': 32, 'learning_rate': 0.01, 'max_vmap': 1}",0.5625,0.5416666666666666,0.5416666666666666,0.4791666666666667,0.6458333333333334,0.5541666666666666,0.05368374469468803,2,0.5681818181818181,0.5843478260869566,0.5217391304347827,0.49043478260869566,0.7165217391304348,0.5762450592885375,0.07764343817539561,1
2,13.784459686279297,0.33690920119758405,0.5566214561462403,0.0038212485610891814,32,0.1,1,"{'batch_size': 32, 'learning_rate': 0.1, 'max_vmap': 1}",0.5833333333333334,0.5625,0.5208333333333334,0.5833333333333334,0.5625,0.5625000000000001,0.022821773229381923,1,0.6643356643356643,0.5321739130434783,0.5043478260869565,0.6,0.5321739130434783,0.5666062633019154,0.05816092153699885,2
