,train_acc,test_acc
0,0.5875,0.5
1,0.6333333333333333,0.45
2,0.625,0.4166666666666667
3,0.5916666666666667,0.5666666666666667
4,0.5958333333333333,0.5
