,train_acc,test_acc
0,0.5375,0.5666666666666667
1,0.5291666666666667,0.5666666666666667
2,0.5625,0.4
3,0.5291666666666667,0.45
4,0.5583333333333333,0.45
