,mean_fit_time,std_fit_time,mean_score_time,std_score_time,param_batch_size,param_learning_rate,param_max_vmap,params,split0_test_accuracy,split1_test_accuracy,split2_test_accuracy,split3_test_accuracy,split4_test_accuracy,mean_test_accuracy,std_test_accuracy,rank_test_accuracy,split0_test_roc_auc,split1_test_roc_auc,split2_test_roc_auc,split3_test_roc_auc,split4_test_roc_auc,mean_test_roc_auc,std_test_roc_auc,rank_test_roc_auc
0,40.1569833278656,9.628030346417646,0.6188782691955567,0.11207317777428191,32,0.001,1,"{'batch_size': 32, 'learning_rate': 0.001, 'max_vmap': 1}",0.4583333333333333,0.5416666666666666,0.625,0.4791666666666667,0.375,0.4958333333333333,0.08374896350934075,2,0.40034965034965037,0.5017482517482518,0.6295652173913043,0.5182608695652174,0.30434782608695654,0.4708543630282761,0.11053170212116363,2
1,19.30594539642334,2.9783303189806696,0.5466639995574951,0.06559018624438244,32,0.01,1,"{'batch_size': 32, 'learning_rate': 0.01, 'max_vmap': 1}",0.5208333333333334,0.4583333333333333,0.5625,0.5833333333333334,0.4166666666666667,0.5083333333333333,0.06263873490988713,1,0.5384615384615384,0.41433566433566427,0.5756521739130435,0.5843478260869565,0.34260869565217394,0.4910811796898753,0.09594766431205479,1
2,17.024681949615477,5.245745827600227,0.4469244956970215,0.009104300048895201,32,0.1,1,"{'batch_size': 32, 'learning_rate': 0.1, 'max_vmap': 1}",0.625,0.4166666666666667,0.4166666666666667,0.4791666666666667,0.4583333333333333,0.4791666666666667,0.07682953714410738,3,0.5384615384615385,0.3531468531468531,0.43130434782608695,0.5321739130434783,0.4973913043478261,0.4704955913651566,0.06993374670096754,3
