,mean_fit_time,std_fit_time,mean_score_time,std_score_time,param_batch_size,param_learning_rate,param_max_vmap,params,split0_test_accuracy,split1_test_accuracy,split2_test_accuracy,split3_test_accuracy,split4_test_accuracy,mean_test_accuracy,std_test_accuracy,rank_test_accuracy,split0_test_roc_auc,split1_test_roc_auc,split2_test_roc_auc,split3_test_roc_auc,split4_test_roc_auc,mean_test_roc_auc,std_test_roc_auc,rank_test_roc_auc
0,40.73108701705932,14.349208497598921,0.42479801177978516,0.016068443785613142,32,0.001,1,"{'batch_size': 32, 'learning_rate': 0.001, 'max_vmap': 1}",0.625,0.6041666666666666,0.5,0.5416666666666666,0.625,0.5791666666666666,0.05,3,0.6736111111111112,0.6614583333333334,0.45138888888888884,0.5173611111111112,0.808695652173913,0.6225030193236716,0.12580311328459232,3
1,16.90440673828125,1.380892885331547,0.45945448875427247,0.018481058247216936,32,0.01,1,"{'batch_size': 32, 'learning_rate': 0.01, 'max_vmap': 1}",0.6666666666666666,0.625,0.7916666666666666,0.6041666666666666,0.7291666666666666,0.6833333333333332,0.0689706056551952,1,0.7135416666666667,0.7152777777777778,0.8350694444444444,0.7951388888888888,0.8452173913043478,0.7808490338164252,0.056775363712572156,1
2,13.000024509429931,1.6241594377171085,0.4697258472442627,0.01433969003956523,32,0.1,1,"{'batch_size': 32, 'learning_rate': 0.1, 'max_vmap': 1}",0.6666666666666666,0.6041666666666666,0.6041666666666666,0.5833333333333334,0.7083333333333334,0.6333333333333334,0.04677071733467427,2,0.7552083333333334,0.6041666666666666,0.6770833333333334,0.625,0.8573913043478261,0.7037699275362319,0.09282577484136736,2
