,train_acc,test_acc
0,0.7333333333333333,0.6833333333333333
1,0.8125,0.7833333333333333
2,0.8,0.85
3,0.7916666666666666,0.7666666666666667
4,0.8833333333333333,0.85
