,train_acc,test_acc
0,0.5875,0.5166666666666667
1,0.5958333333333333,0.45
2,0.5625,0.4
3,0.6083333333333333,0.45
4,0.6166666666666667,0.4166666666666667
