,mean_fit_time,std_fit_time,mean_score_time,std_score_time,param_batch_size,param_learning_rate,param_max_vmap,params,split0_test_accuracy,split1_test_accuracy,split2_test_accuracy,split3_test_accuracy,split4_test_accuracy,mean_test_accuracy,std_test_accuracy,rank_test_accuracy,split0_test_roc_auc,split1_test_roc_auc,split2_test_roc_auc,split3_test_roc_auc,split4_test_roc_auc,mean_test_roc_auc,std_test_roc_auc,rank_test_roc_auc
0,14.294123029708862,2.8176097173534402,0.3612192153930664,0.005414808517347119,32,0.001,1,"{'batch_size': 32, 'learning_rate': 0.001, 'max_vmap': 1}",0.5833333333333334,0.5,0.5416666666666666,0.5208333333333334,0.4791666666666667,0.525,0.035843021946010946,1,0.5930434782608694,0.49913043478260866,0.5652173913043478,0.6173913043478261,0.4330434782608696,0.5415652173913043,0.06713674221325792,1
1,15.306494140625,2.3627846204516922,0.36523752212524413,0.006804757423426253,32,0.01,1,"{'batch_size': 32, 'learning_rate': 0.01, 'max_vmap': 1}",0.5416666666666666,0.5,0.5833333333333334,0.5,0.4791666666666667,0.5208333333333333,0.037267799624996496,2,0.528695652173913,0.4973913043478262,0.5704347826086956,0.6017391304347826,0.41391304347826086,0.5224347826086957,0.06486373677044889,2
2,15.00638837814331,1.8106629244072974,0.3597577095031738,0.005210367427659052,32,0.1,1,"{'batch_size': 32, 'learning_rate': 0.1, 'max_vmap': 1}",0.5416666666666666,0.4583333333333333,0.5833333333333334,0.4166666666666667,0.4791666666666667,0.4958333333333333,0.05951190357119042,3,0.5391304347826087,0.5095652173913043,0.56,0.4034782608695653,0.4347826086956522,0.48939130434782613,0.060381646956877144,3
