,mean_fit_time,std_fit_time,mean_score_time,std_score_time,param_batch_size,param_learning_rate,param_max_vmap,params,split0_test_accuracy,split1_test_accuracy,split2_test_accuracy,split3_test_accuracy,split4_test_accuracy,mean_test_accuracy,std_test_accuracy,rank_test_accuracy,split0_test_roc_auc,split1_test_roc_auc,split2_test_roc_auc,split3_test_roc_auc,split4_test_roc_auc,mean_test_roc_auc,std_test_roc_auc,rank_test_roc_auc
0,21.775749349594115,1.318839834820987,0.8487049102783203,0.0061139073990192,32,0.001,1,"{'batch_size': 32, 'learning_rate': 0.001, 'max_vmap': 1}",0.5416666666666666,0.5416666666666666,0.5208333333333334,0.5208333333333334,0.5208333333333334,0.5291666666666667,0.0102062072615965,2,0.8094405594405594,0.9265734265734266,0.7565217391304346,0.8469565217391304,0.9443478260869564,0.8567680145941015,0.0706094725520852,1
1,21.805268144607545,7.583619879140115,0.6773713111877442,0.0037821269265884,32,0.01,1,"{'batch_size': 32, 'learning_rate': 0.01, 'max_vmap': 1}",0.4583333333333333,0.5416666666666666,0.5,0.5416666666666666,0.4791666666666667,0.5041666666666667,0.0333333333333333,3,0.409090909090909,0.9790209790209792,0.5252173913043477,0.5947826086956521,1.0,0.7016223776223776,0.2425231144023106,2
2,13.808320093154908,0.5266922450284026,0.6610626220703125,0.0049172094582586,32,0.1,1,"{'batch_size': 32, 'learning_rate': 0.1, 'max_vmap': 1}",0.4791666666666667,0.7083333333333334,0.5208333333333334,0.5208333333333334,0.5208333333333334,0.55,0.0807946642902721,1,0.4073426573426573,0.8216783216783217,0.5217391304347827,0.72,0.6973913043478261,0.6336302827607175,0.1487366668019369,3
