,train_acc,test_acc
0,0.4791666666666667,0.5833333333333334
1,0.5375,0.48333333333333334
2,0.5125,0.4
3,0.5166666666666667,0.4166666666666667
4,0.5,0.4666666666666667
