,train_acc,test_acc
0,0.5791666666666667,0.55
1,0.55,0.48333333333333334
2,0.6041666666666666,0.5833333333333334
3,0.6208333333333333,0.5833333333333334
4,0.5541666666666667,0.4666666666666667
