,mean_fit_time,std_fit_time,mean_score_time,std_score_time,param_batch_size,param_learning_rate,param_max_vmap,params,split0_test_accuracy,split1_test_accuracy,split2_test_accuracy,split3_test_accuracy,split4_test_accuracy,mean_test_accuracy,std_test_accuracy,rank_test_accuracy,split0_test_roc_auc,split1_test_roc_auc,split2_test_roc_auc,split3_test_roc_auc,split4_test_roc_auc,mean_test_roc_auc,std_test_roc_auc,rank_test_roc_auc
0,19.862171602249145,1.3764505439524906,0.5524238109588623,0.020791556008570584,32,0.001,1,"{'batch_size': 32, 'learning_rate': 0.001, 'max_vmap': 1}",0.5625,0.4791666666666667,0.6458333333333334,0.4166666666666667,0.5,0.5208333333333333,0.07795119555779045,2,0.5408695652173914,0.4452173913043478,0.6399999999999999,0.3793706293706293,0.5367132867132868,0.5084341745211309,0.08923574346305985,3
1,22.172831964492797,7.1415299808590005,0.5341305255889892,0.013517345685378991,32,0.01,1,"{'batch_size': 32, 'learning_rate': 0.01, 'max_vmap': 1}",0.4375,0.5,0.5208333333333334,0.5,0.3958333333333333,0.4708333333333334,0.04677071733467428,3,0.5095652173913043,0.5060869565217392,0.5947826086956522,0.5437062937062938,0.47902097902097907,0.5266324110671937,0.0397899991684159,2
2,17.335321569442748,2.8738596716149614,0.5310073375701905,0.007036142412264081,32,0.1,1,"{'batch_size': 32, 'learning_rate': 0.1, 'max_vmap': 1}",0.5625,0.5625,0.625,0.5833333333333334,0.6041666666666666,0.5875,0.024295632895188747,1,0.5860869565217391,0.5530434782608696,0.6226086956521739,0.6486013986013985,0.5664335664335665,0.5953548190939495,0.035469856813610534,1
