,mean_fit_time,std_fit_time,mean_score_time,std_score_time,param_batch_size,param_learning_rate,param_max_vmap,params,split0_test_accuracy,split1_test_accuracy,split2_test_accuracy,split3_test_accuracy,split4_test_accuracy,mean_test_accuracy,std_test_accuracy,rank_test_accuracy,split0_test_roc_auc,split1_test_roc_auc,split2_test_roc_auc,split3_test_roc_auc,split4_test_roc_auc,mean_test_roc_auc,std_test_roc_auc,rank_test_roc_auc
0,42.95408554077149,6.43575410293258,0.4750471591949463,0.008301151507384382,32,0.001,1,"{'batch_size': 32, 'learning_rate': 0.001, 'max_vmap': 1}",0.6666666666666666,0.6875,0.75,0.75,0.6666666666666666,0.7041666666666666,0.03818813079129868,1,0.7325174825174825,0.736013986013986,0.7814685314685316,0.8409090909090909,0.7234782608695651,0.7628774703557312,0.04388675134966357,1
1,16.681560754776,0.9165849375699782,0.47644729614257814,0.0010202590003306595,32,0.01,1,"{'batch_size': 32, 'learning_rate': 0.01, 'max_vmap': 1}",0.7291666666666666,0.7083333333333334,0.7916666666666666,0.625,0.625,0.6958333333333333,0.06400954789890506,2,0.7517482517482518,0.7709790209790209,0.7884615384615384,0.7465034965034966,0.7043478260869565,0.7524080267558528,0.028248253757162355,2
2,13.89227728843689,1.988025846533195,0.5056922912597657,0.019952641825155354,32,0.1,1,"{'batch_size': 32, 'learning_rate': 0.1, 'max_vmap': 1}",0.5,0.7083333333333334,0.6041666666666666,0.5416666666666666,0.5833333333333334,0.5875,0.07021791477646967,3,0.6608391608391608,0.7465034965034966,0.7097902097902098,0.6346153846153846,0.6591304347826087,0.6821757373061722,0.04037063860215222,3
