,mean_fit_time,std_fit_time,mean_score_time,std_score_time,param_batch_size,param_learning_rate,param_max_vmap,params,split0_test_accuracy,split1_test_accuracy,split2_test_accuracy,split3_test_accuracy,split4_test_accuracy,mean_test_accuracy,std_test_accuracy,rank_test_accuracy,split0_test_roc_auc,split1_test_roc_auc,split2_test_roc_auc,split3_test_roc_auc,split4_test_roc_auc,mean_test_roc_auc,std_test_roc_auc,rank_test_roc_auc
0,26.22457284927368,1.8334411968433095,0.5956883907318116,0.04485118957847255,32,0.001,1,"{'batch_size': 32, 'learning_rate': 0.001, 'max_vmap': 1}",0.5833333333333334,0.5625,0.5208333333333334,0.4583333333333333,0.4791666666666667,0.5208333333333334,0.04750730937913076,3,0.5573192239858906,0.5802469135802469,0.4991181657848325,0.4673721340388007,0.4991181657848325,0.5206349206349208,0.04162257495590829,2
1,18.27833251953125,3.7796903804506887,0.5301789760589599,0.04580905281897582,32,0.01,1,"{'batch_size': 32, 'learning_rate': 0.01, 'max_vmap': 1}",0.5416666666666666,0.5833333333333334,0.5833333333333334,0.4791666666666667,0.5,0.5375,0.042491829279939886,2,0.5485008818342152,0.6014109347442681,0.5114638447971781,0.3686067019400353,0.4938271604938272,0.5047619047619047,0.07740394951134331,3
2,15.477767992019654,2.6018325573695646,0.4480731010437012,0.006281734297924534,32,0.1,1,"{'batch_size': 32, 'learning_rate': 0.1, 'max_vmap': 1}",0.4791666666666667,0.5416666666666666,0.5833333333333334,0.5833333333333334,0.5416666666666666,0.5458333333333333,0.03818813079129867,1,0.5291005291005291,0.63668430335097,0.6137566137566137,0.5961199294532628,0.544973544973545,0.5841269841269842,0.04085320071651825,1
