,train_acc,test_acc
0,0.5833333333333334,0.5333333333333333
1,0.6375,0.55
2,0.5958333333333333,0.5333333333333333
3,0.625,0.5666666666666667
4,0.625,0.6166666666666667
