,train_acc,test_acc
0,0.6125,0.5166666666666667
1,0.5625,0.6833333333333333
2,0.625,0.5
3,0.5916666666666667,0.45
4,0.5916666666666667,0.5666666666666667
