,mean_fit_time,std_fit_time,mean_score_time,std_score_time,param_batch_size,param_learning_rate,param_max_vmap,params,split0_test_accuracy,split1_test_accuracy,split2_test_accuracy,split3_test_accuracy,split4_test_accuracy,mean_test_accuracy,std_test_accuracy,rank_test_accuracy,split0_test_roc_auc,split1_test_roc_auc,split2_test_roc_auc,split3_test_roc_auc,split4_test_roc_auc,mean_test_roc_auc,std_test_roc_auc,rank_test_roc_auc
0,27.542323541641235,2.835995171612432,0.39448275566101076,0.012490696074671934,32,0.001,1,"{'batch_size': 32, 'learning_rate': 0.001, 'max_vmap': 1}",0.4791666666666667,0.7083333333333334,0.6458333333333334,0.5416666666666666,0.5833333333333334,0.5916666666666667,0.07971302695712082,2,0.6041666666666667,0.734375,0.642361111111111,0.6510416666666667,0.5746527777777778,0.6413194444444444,0.05399947487741928,3
1,21.1044322013855,4.61884022760094,0.40172624588012695,0.004993605180633053,32,0.01,1,"{'batch_size': 32, 'learning_rate': 0.01, 'max_vmap': 1}",0.5,0.6458333333333334,0.6875,0.5416666666666666,0.5416666666666666,0.5833333333333333,0.07095577652469336,3,0.5763888888888888,0.7708333333333334,0.7604166666666667,0.5972222222222223,0.5746527777777778,0.6559027777777778,0.089999571329569,2
2,15.661795330047607,4.041992395097842,0.3986165523529053,0.012065006069237843,32,0.1,1,"{'batch_size': 32, 'learning_rate': 0.1, 'max_vmap': 1}",0.7291666666666666,0.6458333333333334,0.7291666666666666,0.6041666666666666,0.6875,0.6791666666666666,0.0485912657903775,1,0.8315972222222222,0.7274305555555556,0.7899305555555556,0.6336805555555556,0.6996527777777778,0.7364583333333332,0.06915216269169223,1
