,train_acc,test_acc
0,0.49583333333333335,0.38333333333333336
1,0.5041666666666667,0.6166666666666667
2,0.5041666666666667,0.6166666666666667
3,0.5,0.4
4,0.44583333333333336,0.43333333333333335
