,mean_fit_time,std_fit_time,mean_score_time,std_score_time,param_batch_size,param_learning_rate,param_max_vmap,params,split0_test_accuracy,split1_test_accuracy,split2_test_accuracy,split3_test_accuracy,split4_test_accuracy,mean_test_accuracy,std_test_accuracy,rank_test_accuracy,split0_test_roc_auc,split1_test_roc_auc,split2_test_roc_auc,split3_test_roc_auc,split4_test_roc_auc,mean_test_roc_auc,std_test_roc_auc,rank_test_roc_auc
0,16.58632082939148,1.0384783703266725,0.399323558807373,0.0061188990244044235,32,0.001,1,"{'batch_size': 32, 'learning_rate': 0.001, 'max_vmap': 1}",0.4791666666666667,0.3958333333333333,0.5625,0.6875,0.5416666666666666,0.5333333333333333,0.09646530752325189,1,0.41083916083916083,0.45629370629370636,0.5617391304347826,0.7391304347826088,0.662608695652174,0.5661222256004865,0.12282982107408738,1
1,14.830239915847779,1.0870586463689018,0.39838438034057616,0.005054364021924843,32,0.01,1,"{'batch_size': 32, 'learning_rate': 0.01, 'max_vmap': 1}",0.4791666666666667,0.4166666666666667,0.4791666666666667,0.6458333333333334,0.625,0.5291666666666667,0.08994597143717876,2,0.4160839160839161,0.43006993006993005,0.5147826086956522,0.7165217391304348,0.6765217391304348,0.5507959866220735,0.12433107090123244,2
2,14.790035486221313,2.240250960831139,0.4044407844543457,0.01506733742243444,32,0.1,1,"{'batch_size': 32, 'learning_rate': 0.1, 'max_vmap': 1}",0.5208333333333334,0.375,0.4583333333333333,0.6041666666666666,0.5833333333333334,0.5083333333333334,0.08395600699837452,3,0.3968531468531469,0.39860139860139865,0.5460869565217391,0.6434782608695653,0.6626086956521738,0.5295256916996047,0.11464181098821091,3
