,train_acc,test_acc
0,0.7208333333333333,0.5333333333333333
1,0.7,0.6666666666666666
2,0.7416666666666667,0.75
3,0.7583333333333333,0.5166666666666667
4,0.7333333333333333,0.6666666666666666
