,train_acc,test_acc
0,0.7791666666666667,0.7
1,0.6708333333333333,0.7166666666666667
2,0.7708333333333334,0.7
3,0.7458333333333333,0.7
4,0.7166666666666667,0.65
