,train_acc,test_acc
0,0.7,0.6833333333333333
1,0.6875,0.7333333333333333
2,0.6916666666666667,0.7166666666666667
3,0.7083333333333334,0.7166666666666667
4,0.6833333333333333,0.6833333333333333
