,train_acc,test_acc
0,0.7625,0.6833333333333333
1,0.7708333333333334,0.6
2,0.7708333333333334,0.7333333333333333
3,0.7458333333333333,0.6833333333333333
4,0.7708333333333334,0.7
