,train_acc,test_acc
0,0.7708333333333334,0.7666666666666667
1,0.775,0.7833333333333333
2,0.7875,0.6833333333333333
3,0.7458333333333333,0.7
4,0.75,0.6833333333333333
