,train_acc,test_acc
0,0.8666666666666667,0.9
1,0.9041666666666667,0.8833333333333333
2,0.9125,0.8666666666666667
3,0.8916666666666667,0.8666666666666667
4,0.8416666666666667,0.9333333333333333
