,train_acc,test_acc
0,0.7708333333333334,0.8333333333333334
1,0.7791666666666667,0.7666666666666667
2,0.8375,0.7666666666666667
3,0.8,0.7833333333333333
4,0.7625,0.8333333333333334
