,train_acc,test_acc
0,0.725,0.7333333333333333
1,0.7291666666666666,0.7166666666666667
2,0.7333333333333333,0.75
3,0.725,0.6666666666666666
4,0.7291666666666666,0.75
