,train_acc,test_acc
0,0.7875,0.7166666666666667
1,0.8416666666666667,0.75
2,0.8541666666666666,0.75
3,0.8333333333333334,0.7666666666666667
4,0.8083333333333333,0.7
