,train_acc,test_acc
0,0.7625,0.6833333333333333
1,0.6625,0.6833333333333333
2,0.7541666666666667,0.6166666666666667
3,0.7041666666666667,0.6666666666666666
4,0.775,0.6666666666666666
