,train_acc,test_acc
0,0.8958333333333334,0.85
1,0.8458333333333333,0.8166666666666667
2,0.8375,0.8333333333333334
3,0.8708333333333333,0.8166666666666667
4,0.8458333333333333,0.85
