,train_acc,test_acc
0,0.7541666666666667,0.75
1,0.7416666666666667,0.75
2,0.725,0.7166666666666667
3,0.7375,0.7833333333333333
4,0.7583333333333333,0.7333333333333333
