,train_acc,test_acc
0,0.9,0.9333333333333333
1,0.8916666666666667,0.9
2,0.9083333333333333,0.9166666666666666
3,0.9291666666666667,0.9
4,0.8875,0.9166666666666666
