,train_acc,test_acc
0,0.9958333333333333,0.9
1,0.9958333333333333,0.9
2,0.9958333333333333,0.9
3,0.9958333333333333,0.9
4,0.9958333333333333,0.9
