,train_acc,test_acc
0,0.8052285318559557,0.8070452155625657
1,0.8025450138504155,0.8070452155625657
2,0.8035837950138505,0.7986330178759201
3,0.8057479224376731,0.8070452155625657
4,0.8052285318559557,0.804416403785489
