,train_acc,test_acc
0,0.9401835180055401,0.9390115667718192
1,0.9385387811634349,0.9400630914826499
2,0.9368074792243767,0.935856992639327
3,0.9344702216066482,0.9395373291272345
4,0.9348164819944599,0.9363827549947423
