,train_acc,test_acc
0,0.7270602493074793,0.7218717139852786
1,0.731994459833795,0.7202944269190326
2,0.7325138504155124,0.731335436382755
3,0.7319078947368421,0.7260778128286015
4,0.7313885041551247,0.722397476340694
