,train_acc,test_acc
0,0.9456371191135734,0.9442691903259727
1,0.9448580332409973,0.9348054679284963
2,0.9425207756232687,0.9321766561514195
3,0.9442520775623269,0.9332281808622502
4,0.9442520775623269,0.9332281808622502
