,train_acc,test_acc
0,0.9336045706371191,0.9311251314405888
1,0.933777700831025,0.937434279705573
2,0.9375,0.9353312302839116
3,0.9381059556786704,0.935856992639327
4,0.9339508310249307,0.9369085173501577
