,train_acc,test_acc
0,0.8055747922437673,0.8049421661409043
1,0.8048822714681441,0.8017875920084122
2,0.7991689750692521,0.795478443743428
3,0.8044494459833795,0.7991587802313355
4,0.8022853185595568,0.7939011566771819
