,train_acc,test_acc
0,0.8035837950138505,0.8028391167192429
1,0.8038434903047091,0.804416403785489
2,0.8033240997229917,0.8117770767613038
3,0.8042763157894737,0.7975814931650894
4,0.805834487534626,0.8033648790746583
