,train_acc,test_acc
0,0.9323926592797784,0.9342797055730809
1,0.9351627423822715,0.9400630914826499
2,0.9381925207756233,0.9384858044164038
3,0.9362880886426593,0.9379600420609885
4,0.9379328254847645,0.9379600420609885
