,train_acc,test_acc
0,0.7285318559556787,0.7281808622502629
1,0.7277527700831025,0.7245005257623555
2,0.7267139889196675,0.7260778128286015
3,0.7184037396121884,0.7187171398527865
4,0.7277527700831025,0.7213459516298633
