,train_acc,test_acc
0,0.7286184210526315,0.7276550998948476
1,0.7294840720221607,0.7239747634069401
2,0.7282721606648199,0.7213459516298633
3,0.7312153739612188,0.7271293375394322
4,0.7306959833795014,0.7213459516298633
