,mean_fit_time,std_fit_time,mean_score_time,std_score_time,param_batch_size,param_learning_rate,param_max_vmap,params,split0_test_accuracy,split1_test_accuracy,split2_test_accuracy,split3_test_accuracy,split4_test_accuracy,mean_test_accuracy,std_test_accuracy,rank_test_accuracy,split0_test_roc_auc,split1_test_roc_auc,split2_test_roc_auc,split3_test_roc_auc,split4_test_roc_auc,mean_test_roc_auc,std_test_roc_auc,rank_test_roc_auc
0,50.716156768798825,14.40449476579056,0.41089859008789065,0.002235198298514885,32,0.001,1,"{'batch_size': 32, 'learning_rate': 0.001, 'max_vmap': 1}",0.6666666666666666,0.7708333333333334,0.6458333333333334,0.75,0.8125,0.7291666666666667,0.06319062870042959,2,0.6608695652173913,0.7791304347826087,0.7808695652173914,0.8382608695652173,0.8660869565217391,0.7850434782608696,0.07052897620079242,2
1,14.53912353515625,1.1346633187093937,0.38130712509155273,0.04371893433254291,32,0.01,1,"{'batch_size': 32, 'learning_rate': 0.01, 'max_vmap': 1}",0.7708333333333334,0.75,0.8333333333333334,0.75,0.7916666666666666,0.7791666666666667,0.031180478223116186,1,0.8713043478260869,0.7791304347826087,0.9321739130434783,0.8278260869565217,0.8869565217391304,0.8594782608695652,0.05222490262016964,1
2,9.309265041351319,0.8149573933222782,0.32481775283813474,0.002459706060065756,32,0.1,1,"{'batch_size': 32, 'learning_rate': 0.1, 'max_vmap': 1}",0.7291666666666666,0.7291666666666666,0.6666666666666666,0.75,0.7291666666666666,0.7208333333333333,0.02825970826302196,3,0.8226086956521739,0.7339130434782608,0.7408695652173913,0.8347826086956521,0.7756521739130434,0.7815652173913044,0.041178848241944316,3
