,mean_fit_time,std_fit_time,mean_score_time,std_score_time,param_batch_size,param_learning_rate,param_max_vmap,params,split0_test_accuracy,split1_test_accuracy,split2_test_accuracy,split3_test_accuracy,split4_test_accuracy,mean_test_accuracy,std_test_accuracy,rank_test_accuracy,split0_test_roc_auc,split1_test_roc_auc,split2_test_roc_auc,split3_test_roc_auc,split4_test_roc_auc,mean_test_roc_auc,std_test_roc_auc,rank_test_roc_auc
0,43.28571915626526,8.654943944361456,0.45587615966796874,0.002030071524695826,32,0.001,1,"{'batch_size': 32, 'learning_rate': 0.001, 'max_vmap': 1}",0.6458333333333334,0.7083333333333334,0.625,0.625,0.6666666666666666,0.6541666666666667,0.031180478223116186,3,0.6591304347826087,0.7843478260869565,0.6991304347826087,0.7078260869565217,0.7460869565217392,0.719304347826087,0.042679267200495224,3
1,18.186821699142456,1.1500526777280784,0.4681964874267578,0.0013788278179610793,32,0.01,1,"{'batch_size': 32, 'learning_rate': 0.01, 'max_vmap': 1}",0.6875,0.75,0.6458333333333334,0.6458333333333334,0.6458333333333334,0.675,0.04082482904638629,1,0.7756521739130435,0.8208695652173913,0.6782608695652175,0.782608695652174,0.7913043478260868,0.7697391304347826,0.04826643132856109,1
2,13.342887592315673,2.8192618731643813,0.473201322555542,0.004013412712009402,32,0.1,1,"{'batch_size': 32, 'learning_rate': 0.1, 'max_vmap': 1}",0.6875,0.7291666666666666,0.6041666666666666,0.6458333333333334,0.6666666666666666,0.6666666666666666,0.041666666666666664,2,0.8052173913043478,0.7808695652173914,0.6886956521739132,0.7982608695652174,0.7634782608695653,0.7673043478260869,0.041889583909077086,2
