,mean_fit_time,std_fit_time,mean_score_time,std_score_time,param_batch_size,param_learning_rate,param_max_vmap,params,split0_test_accuracy,split1_test_accuracy,split2_test_accuracy,split3_test_accuracy,split4_test_accuracy,mean_test_accuracy,std_test_accuracy,rank_test_accuracy,split0_test_roc_auc,split1_test_roc_auc,split2_test_roc_auc,split3_test_roc_auc,split4_test_roc_auc,mean_test_roc_auc,std_test_roc_auc,rank_test_roc_auc
0,14.751394271850586,0.3727157369896378,0.7225111484527588,0.019148494341146034,32,0.001,1,"{'batch_size': 32, 'learning_rate': 0.001, 'max_vmap': 1}",0.5,0.5208333333333334,0.5,0.5208333333333334,0.5208333333333334,0.5125000000000001,0.010206207261596593,3,0.4947916666666667,0.48347826086956525,0.4226086956521739,0.42782608695652175,0.40347826086956523,0.44643659420289855,0.03597175623877589,3
1,18.570761108398436,9.194231155508843,0.667513084411621,0.05646711229175958,32,0.01,1,"{'batch_size': 32, 'learning_rate': 0.01, 'max_vmap': 1}",0.5,0.5208333333333334,0.5208333333333334,0.75,0.4791666666666667,0.5541666666666667,0.09912814377808599,2,0.53125,0.7478260869565218,0.7930434782608695,0.7982608695652174,0.777391304347826,0.729554347826087,0.10069587979624342,2
2,16.22732605934143,0.9727515135872009,0.5960831642150879,0.012251128279486772,32,0.1,1,"{'batch_size': 32, 'learning_rate': 0.1, 'max_vmap': 1}",0.8333333333333334,0.5625,0.5208333333333334,0.7291666666666666,0.6875,0.6666666666666667,0.11334558757279536,1,0.8888888888888888,0.8278260869565217,0.7878260869565217,0.8782608695652174,0.888695652173913,0.8542995169082126,0.04018264446085336,1
