,mean_fit_time,std_fit_time,mean_score_time,std_score_time,param_batch_size,param_learning_rate,param_max_vmap,params,split0_test_accuracy,split1_test_accuracy,split2_test_accuracy,split3_test_accuracy,split4_test_accuracy,mean_test_accuracy,std_test_accuracy,rank_test_accuracy,split0_test_roc_auc,split1_test_roc_auc,split2_test_roc_auc,split3_test_roc_auc,split4_test_roc_auc,mean_test_roc_auc,std_test_roc_auc,rank_test_roc_auc
0,37.64866638183594,6.41050310804298,0.4586780548095703,0.00314000261621252,32,0.001,1,"{'batch_size': 32, 'learning_rate': 0.001, 'max_vmap': 1}",0.625,0.6458333333333334,0.5833333333333334,0.5,0.6041666666666666,0.5916666666666667,0.05034602488997739,3,0.751304347826087,0.648695652173913,0.6423611111111112,0.5798611111111112,0.6006944444444444,0.6445833333333333,0.05920544736677194,3
1,25.590969848632813,5.65558581162233,0.46463637351989745,0.0032115031258617725,32,0.01,1,"{'batch_size': 32, 'learning_rate': 0.01, 'max_vmap': 1}",0.7291666666666666,0.625,0.6666666666666666,0.5208333333333334,0.6875,0.6458333333333333,0.07095577652469333,2,0.7739130434782608,0.7147826086956522,0.7708333333333334,0.5243055555555556,0.765625,0.7098919082125604,0.09527324264492369,2
2,15.571145677566529,1.9697198977720756,0.47093844413757324,0.0021274074609800844,32,0.1,1,"{'batch_size': 32, 'learning_rate': 0.1, 'max_vmap': 1}",0.6875,0.6458333333333334,0.6458333333333334,0.5833333333333334,0.6875,0.6500000000000001,0.03818813079129865,1,0.7478260869565216,0.7756521739130434,0.7638888888888888,0.5850694444444444,0.78125,0.7307373188405796,0.07372795587505503,1
