,mean_fit_time,std_fit_time,mean_score_time,std_score_time,param_batch_size,param_learning_rate,param_max_vmap,params,split0_test_accuracy,split1_test_accuracy,split2_test_accuracy,split3_test_accuracy,split4_test_accuracy,mean_test_accuracy,std_test_accuracy,rank_test_accuracy,split0_test_roc_auc,split1_test_roc_auc,split2_test_roc_auc,split3_test_roc_auc,split4_test_roc_auc,mean_test_roc_auc,std_test_roc_auc,rank_test_roc_auc
0,47.4391074180603,10.52350864316456,0.40517315864562986,0.0022857530979669915,32,0.001,1,"{'batch_size': 32, 'learning_rate': 0.001, 'max_vmap': 1}",0.6666666666666666,0.8125,0.875,0.8125,0.8541666666666666,0.8041666666666666,0.07288689868556626,3,0.7408695652173913,0.9304347826086956,0.9165217391304348,0.8618881118881119,0.9248251748251748,0.8749078747339617,0.07133368166463237,3
1,16.55682053565979,1.9399561723315115,0.3760317325592041,0.04089166863505992,32,0.01,1,"{'batch_size': 32, 'learning_rate': 0.01, 'max_vmap': 1}",0.7291666666666666,0.8958333333333334,0.8333333333333334,0.7916666666666666,0.875,0.825,0.05980291706003054,1,0.8417391304347825,0.9217391304347826,0.8921739130434783,0.8811188811188811,0.9248251748251748,0.89231924597142,0.030351218738866148,1
2,8.438389539718628,0.1094589636311346,0.3219420909881592,0.0037430879407369705,32,0.1,1,"{'batch_size': 32, 'learning_rate': 0.1, 'max_vmap': 1}",0.75,0.8541666666666666,0.875,0.75,0.8125,0.8083333333333332,0.0517069735249619,2,0.8573913043478262,0.9252173913043478,0.9182608695652174,0.8339160839160839,0.8916083916083917,0.8852788081483733,0.03503944273351459,2
