,mean_fit_time,std_fit_time,mean_score_time,std_score_time,param_batch_size,param_learning_rate,param_max_vmap,params,split0_test_accuracy,split1_test_accuracy,split2_test_accuracy,split3_test_accuracy,split4_test_accuracy,mean_test_accuracy,std_test_accuracy,rank_test_accuracy,split0_test_roc_auc,split1_test_roc_auc,split2_test_roc_auc,split3_test_roc_auc,split4_test_roc_auc,mean_test_roc_auc,std_test_roc_auc,rank_test_roc_auc
0,22.657577514648438,4.5326300406748485,0.3473552703857422,0.0030295111914483168,32,0.001,1,"{'batch_size': 32, 'learning_rate': 0.001, 'max_vmap': 1}",0.5208333333333334,0.5833333333333334,0.7291666666666666,0.5625,0.5625,0.5916666666666667,0.07168604389202186,2,0.5972222222222222,0.626736111111111,0.7482638888888888,0.5121527777777778,0.5999999999999999,0.616875,0.07615513477415121,2
1,11.787906217575074,0.25492881074238427,0.3496490478515625,0.0018267545435998063,32,0.01,1,"{'batch_size': 32, 'learning_rate': 0.01, 'max_vmap': 1}",0.6458333333333334,0.5833333333333334,0.7291666666666666,0.5416666666666666,0.5833333333333334,0.6166666666666667,0.06535161308899216,1,0.6215277777777778,0.642361111111111,0.7239583333333334,0.6284722222222222,0.6069565217391304,0.644655193236715,0.041260650919082445,1
2,10.414093732833862,0.16131374473680948,0.3527684688568115,0.0014512176745730585,32,0.1,1,"{'batch_size': 32, 'learning_rate': 0.1, 'max_vmap': 1}",0.5208333333333334,0.5625,0.6875,0.5625,0.5625,0.5791666666666667,0.05651941652604389,3,0.59375,0.5121527777777778,0.6510416666666666,0.5850694444444444,0.6208695652173913,0.592576690821256,0.046355973367012714,3
