,train_acc,test_acc
0,0.55,0.65
1,0.5375,0.6333333333333333
2,0.5083333333333333,0.5166666666666667
3,0.5208333333333334,0.5333333333333333
4,0.5166666666666667,0.55
