,train_acc,test_acc
0,0.6791666666666667,0.65
1,0.6791666666666667,0.6833333333333333
2,0.7041666666666667,0.6333333333333333
3,0.7291666666666666,0.7666666666666667
4,0.6583333333333333,0.6666666666666666
