,mean_fit_time,std_fit_time,mean_score_time,std_score_time,param_batch_size,param_learning_rate,param_max_vmap,params,split0_test_accuracy,split1_test_accuracy,split2_test_accuracy,split3_test_accuracy,split4_test_accuracy,mean_test_accuracy,std_test_accuracy,rank_test_accuracy,split0_test_roc_auc,split1_test_roc_auc,split2_test_roc_auc,split3_test_roc_auc,split4_test_roc_auc,mean_test_roc_auc,std_test_roc_auc,rank_test_roc_auc
0,40.67429223060608,0.6692360927231729,0.47325620651245115,0.0016960772869698156,32,0.001,1,"{'batch_size': 32, 'learning_rate': 0.001, 'max_vmap': 1}",0.6875,0.75,0.6666666666666666,0.6458333333333334,0.7083333333333334,0.6916666666666667,0.035843021946010946,3,0.8038194444444444,0.8038194444444444,0.7743055555555556,0.7586805555555556,0.8003472222222222,0.7881944444444444,0.018438775065766303,3
1,20.007055377960206,2.564469266275436,0.4695596694946289,0.0077540225067705745,32,0.01,1,"{'batch_size': 32, 'learning_rate': 0.01, 'max_vmap': 1}",0.75,0.7708333333333334,0.7708333333333334,0.7083333333333334,0.7916666666666666,0.7583333333333334,0.028259708263021936,1,0.8229166666666666,0.8524305555555556,0.875,0.7899305555555556,0.875,0.8430555555555556,0.032731104953567965,1
2,16.822553062438963,1.8285826140689108,0.4674531936645508,0.002442844786622423,32,0.1,1,"{'batch_size': 32, 'learning_rate': 0.1, 'max_vmap': 1}",0.6458333333333334,0.7708333333333334,0.8333333333333334,0.7083333333333334,0.7291666666666666,0.7375,0.06263873490988713,2,0.7881944444444444,0.8697916666666666,0.904513888888889,0.8159722222222223,0.8368055555555556,0.8430555555555556,0.04067986561002117,1
