,mean_fit_time,std_fit_time,mean_score_time,std_score_time,param_batch_size,param_learning_rate,param_max_vmap,params,split0_test_accuracy,split1_test_accuracy,split2_test_accuracy,split3_test_accuracy,split4_test_accuracy,mean_test_accuracy,std_test_accuracy,rank_test_accuracy,split0_test_roc_auc,split1_test_roc_auc,split2_test_roc_auc,split3_test_roc_auc,split4_test_roc_auc,mean_test_roc_auc,std_test_roc_auc,rank_test_roc_auc
0,45.90321593284607,13.853925727515461,0.4674538135528564,0.007762976024312013,32,0.001,1,"{'batch_size': 32, 'learning_rate': 0.001, 'max_vmap': 1}",0.8125,0.5833333333333334,0.7291666666666666,0.7708333333333334,0.7708333333333334,0.7333333333333334,0.07949493345141212,3,0.8765217391304347,0.6423611111111112,0.8125,0.859375,0.8454861111111112,0.8072487922705314,0.08508054752030633,3
1,19.239372396469115,2.471840638149073,0.48721771240234374,0.016446355547636172,32,0.01,1,"{'batch_size': 32, 'learning_rate': 0.01, 'max_vmap': 1}",0.7916666666666666,0.6666666666666666,0.75,0.875,0.8125,0.7791666666666666,0.0692218655243173,1,0.8956521739130436,0.7222222222222222,0.8559027777777778,0.9496527777777779,0.8489583333333334,0.8544776570048309,0.07520324246907821,1
2,12.310078477859497,1.4571862351026743,0.4858227252960205,0.012102565206400661,32,0.1,1,"{'batch_size': 32, 'learning_rate': 0.1, 'max_vmap': 1}",0.6875,0.7083333333333334,0.7708333333333334,0.875,0.7708333333333334,0.7625000000000001,0.06535161308899218,2,0.7947826086956521,0.751736111111111,0.8489583333333334,0.9409722222222222,0.8506944444444445,0.8374287439613527,0.06354853626742239,2
