,train_acc,test_acc
0,0.7666666666666667,0.6666666666666666
1,0.7666666666666667,0.6833333333333333
2,0.75,0.7166666666666667
3,0.7458333333333333,0.7
4,0.7958333333333333,0.75
