,train_acc,test_acc
0,0.5833333333333334,0.6666666666666666
1,0.5833333333333334,0.6
2,0.5958333333333333,0.6833333333333333
3,0.5958333333333333,0.6833333333333333
4,0.5958333333333333,0.6833333333333333
