,train_acc,test_acc
0,0.5875,0.65
1,0.6166666666666667,0.5
2,0.5833333333333334,0.48333333333333334
3,0.7916666666666666,0.7333333333333333
4,0.48333333333333334,0.5666666666666667
