,mean_fit_time,std_fit_time,mean_score_time,std_score_time,param_batch_size,param_learning_rate,param_max_vmap,params,split0_test_accuracy,split1_test_accuracy,split2_test_accuracy,split3_test_accuracy,split4_test_accuracy,mean_test_accuracy,std_test_accuracy,rank_test_accuracy,split0_test_roc_auc,split1_test_roc_auc,split2_test_roc_auc,split3_test_roc_auc,split4_test_roc_auc,mean_test_roc_auc,std_test_roc_auc,rank_test_roc_auc
0,22.62994165420532,3.969667463557006,0.4676651477813721,0.0062200779152030315,32,0.001,1,"{'batch_size': 32, 'learning_rate': 0.001, 'max_vmap': 1}",0.6875,0.6458333333333334,0.7291666666666666,0.7916666666666666,0.7708333333333334,0.725,0.05335936864527373,3,0.751304347826087,0.7482638888888888,0.8368055555555555,0.8489583333333333,0.828125,0.802691425120773,0.04371328364506874,3
1,16.529139852523805,2.3740390752488807,0.4710127830505371,0.0029080506796698756,32,0.01,1,"{'batch_size': 32, 'learning_rate': 0.01, 'max_vmap': 1}",0.7708333333333334,0.7083333333333334,0.75,0.8333333333333334,0.7916666666666666,0.7708333333333334,0.041666666666666664,1,0.8278260869565217,0.7916666666666667,0.7934027777777778,0.8559027777777777,0.8888888888888888,0.8315374396135266,0.03725738462397591,2
2,12.307435369491577,0.26639148560230624,0.47113933563232424,0.0023105160841415968,32,0.1,1,"{'batch_size': 32, 'learning_rate': 0.1, 'max_vmap': 1}",0.75,0.7291666666666666,0.75,0.7083333333333334,0.7916666666666666,0.7458333333333333,0.027638539919628315,2,0.8139130434782609,0.8385416666666666,0.8107638888888888,0.861111111111111,0.8524305555555555,0.8353520531400965,0.02014739141071346,1
