,train_acc,test_acc
0,0.7833333333333333,0.75
1,0.825,0.7666666666666667
2,0.8125,0.7833333333333333
3,0.8,0.7
4,0.8125,0.7666666666666667
