,mean_fit_time,std_fit_time,mean_score_time,std_score_time,param_batch_size,param_learning_rate,param_max_vmap,params,split0_test_accuracy,split1_test_accuracy,split2_test_accuracy,split3_test_accuracy,split4_test_accuracy,mean_test_accuracy,std_test_accuracy,rank_test_accuracy,split0_test_roc_auc,split1_test_roc_auc,split2_test_roc_auc,split3_test_roc_auc,split4_test_roc_auc,mean_test_roc_auc,std_test_roc_auc,rank_test_roc_auc
0,54.47972455024719,6.251678253677722,0.4680333614349365,0.013314156158834052,32,0.001,1,"{'batch_size': 32, 'learning_rate': 0.001, 'max_vmap': 1}",0.7708333333333334,0.7916666666666666,0.7916666666666666,0.7083333333333334,0.7916666666666666,0.7708333333333333,0.032274861218395116,2,0.8260869565217391,0.8003472222222222,0.8576388888888888,0.767361111111111,0.8645833333333334,0.8232035024154589,0.036186137585570065,3
1,20.583940696716308,3.67725837754236,0.47364087104797364,0.006553247720672996,32,0.01,1,"{'batch_size': 32, 'learning_rate': 0.01, 'max_vmap': 1}",0.8125,0.7916666666666666,0.8125,0.7291666666666666,0.8125,0.7916666666666666,0.03227486121839516,1,0.8834782608695652,0.842013888888889,0.8802083333333334,0.7847222222222221,0.904513888888889,0.8589873188405799,0.04225211989472561,2
2,13.24362301826477,1.7797163767480288,0.47115273475646974,0.008618901907237322,32,0.1,1,"{'batch_size': 32, 'learning_rate': 0.1, 'max_vmap': 1}",0.75,0.7916666666666666,0.8333333333333334,0.7291666666666666,0.7291666666666666,0.7666666666666666,0.0403973321451361,3,0.8452173913043478,0.953125,0.8819444444444446,0.8663194444444444,0.8940972222222223,0.8881407004830919,0.03637419582557584,1
