,train_acc,test_acc
0,0.7291666666666666,0.8
1,0.7,0.7333333333333333
2,0.7375,0.75
3,0.6958333333333333,0.7
4,0.7541666666666667,0.75
