,mean_fit_time,std_fit_time,mean_score_time,std_score_time,param_batch_size,param_learning_rate,param_max_vmap,params,split0_test_accuracy,split1_test_accuracy,split2_test_accuracy,split3_test_accuracy,split4_test_accuracy,mean_test_accuracy,std_test_accuracy,rank_test_accuracy,split0_test_roc_auc,split1_test_roc_auc,split2_test_roc_auc,split3_test_roc_auc,split4_test_roc_auc,mean_test_roc_auc,std_test_roc_auc,rank_test_roc_auc
0,14.131015253067016,0.5452166809265995,0.6520554065704346,0.010342262954923074,32,0.001,1,"{'batch_size': 32, 'learning_rate': 0.001, 'max_vmap': 1}",0.5,0.5,0.5208333333333334,0.5208333333333334,0.5208333333333334,0.5125000000000001,0.010206207261596593,3,0.5138888888888888,0.5590277777777778,0.47304347826086957,0.6330434782608696,0.657391304347826,0.5672789855072463,0.06963348933647082,3
1,22.54007143974304,5.914873648360451,0.6076444149017334,0.043306804646412775,32,0.01,1,"{'batch_size': 32, 'learning_rate': 0.01, 'max_vmap': 1}",0.5,0.7083333333333334,0.6041666666666666,0.5,0.5208333333333334,0.5666666666666667,0.08057949835755715,2,0.5989583333333334,0.7152777777777778,0.7182608695652173,0.6313043478260869,0.5913043478260869,0.6510211352657006,0.055345243209674856,2
2,13.667527627944946,1.7654156618419148,0.5539296627044678,0.0026668176476522592,32,0.1,1,"{'batch_size': 32, 'learning_rate': 0.1, 'max_vmap': 1}",0.5625,0.6875,0.6458333333333334,0.5625,0.625,0.6166666666666667,0.04859126579037751,1,0.5902777777777778,0.7413194444444444,0.7599999999999999,0.6086956521739131,0.7217391304347827,0.6844064009661835,0.07062511537470305,1
