,mean_fit_time,std_fit_time,mean_score_time,std_score_time,param_batch_size,param_learning_rate,param_max_vmap,params,split0_test_accuracy,split1_test_accuracy,split2_test_accuracy,split3_test_accuracy,split4_test_accuracy,mean_test_accuracy,std_test_accuracy,rank_test_accuracy,split0_test_roc_auc,split1_test_roc_auc,split2_test_roc_auc,split3_test_roc_auc,split4_test_roc_auc,mean_test_roc_auc,std_test_roc_auc,rank_test_roc_auc
0,26.041517066955567,4.980294813459604,0.3016777038574219,0.0026846927036593537,32,0.001,1,"{'batch_size': 32, 'learning_rate': 0.001, 'max_vmap': 1}",0.5625,0.5208333333333334,0.6041666666666666,0.5,0.5208333333333334,0.5416666666666667,0.037267799624996475,2,0.5503472222222222,0.5833333333333333,0.5486111111111112,0.53125,0.6041666666666667,0.5635416666666666,0.026388888888888896,3
1,12.02475357055664,0.6733048099294863,0.3040955066680908,0.0010319277548350935,32,0.01,1,"{'batch_size': 32, 'learning_rate': 0.01, 'max_vmap': 1}",0.5833333333333334,0.5833333333333334,0.5833333333333334,0.4791666666666667,0.5,0.5458333333333333,0.04639803635691686,1,0.609375,0.6423611111111112,0.6666666666666666,0.5590277777777778,0.5885416666666667,0.6131944444444445,0.03812177430191208,2
2,10.071251249313354,0.459995515463229,0.31240034103393555,0.008098064660306426,32,0.1,1,"{'batch_size': 32, 'learning_rate': 0.1, 'max_vmap': 1}",0.5833333333333334,0.5625,0.5833333333333334,0.4583333333333333,0.4791666666666667,0.5333333333333334,0.05368374469468804,3,0.6145833333333335,0.6458333333333333,0.670138888888889,0.560763888888889,0.5798611111111112,0.6142361111111112,0.04040926812771152,1
