,train_acc,test_acc
0,0.7291666666666666,0.7166666666666667
1,0.8,0.7833333333333333
2,0.8041666666666667,0.7833333333333333
3,0.8,0.7666666666666667
4,0.8,0.7666666666666667
