,train_acc,test_acc
0,0.7916666666666666,0.7833333333333333
1,0.7875,0.6833333333333333
2,0.7791666666666667,0.6666666666666666
3,0.775,0.7833333333333333
4,0.7708333333333334,0.7833333333333333
