,train_acc,test_acc
0,0.6541666666666667,0.55
1,0.625,0.55
2,0.5958333333333333,0.6
3,0.6416666666666667,0.5166666666666667
4,0.6083333333333333,0.5833333333333334
