,mean_fit_time,std_fit_time,mean_score_time,std_score_time,param_batch_size,param_learning_rate,param_max_vmap,params,split0_test_accuracy,split1_test_accuracy,split2_test_accuracy,split3_test_accuracy,split4_test_accuracy,mean_test_accuracy,std_test_accuracy,rank_test_accuracy,split0_test_roc_auc,split1_test_roc_auc,split2_test_roc_auc,split3_test_roc_auc,split4_test_roc_auc,mean_test_roc_auc,std_test_roc_auc,rank_test_roc_auc
0,41.55505475997925,3.162735113728704,0.4870253562927246,0.0020251898051980126,32,0.001,1,"{'batch_size': 32, 'learning_rate': 0.001, 'max_vmap': 1}",0.875,0.7916666666666666,0.6875,0.75,0.7708333333333334,0.775,0.06095307849303246,3,0.8923611111111112,0.9045138888888888,0.78125,0.8055555555555556,0.8382608695652174,0.8443882850241545,0.047850704105263764,3
1,18.22711877822876,0.7635276467357884,0.49469561576843263,0.009811248184603818,32,0.01,1,"{'batch_size': 32, 'learning_rate': 0.01, 'max_vmap': 1}",0.8541666666666666,0.8541666666666666,0.7083333333333334,0.8333333333333334,0.7708333333333334,0.8041666666666666,0.05682575707077437,1,0.888888888888889,0.8958333333333334,0.8038194444444444,0.8663194444444444,0.8556521739130435,0.8621026570048309,0.032593200637287024,2
2,13.673383712768555,1.4757977694866151,0.4882045269012451,0.004629663398265281,32,0.1,1,"{'batch_size': 32, 'learning_rate': 0.1, 'max_vmap': 1}",0.7708333333333334,0.8125,0.7291666666666666,0.7916666666666666,0.8125,0.7833333333333333,0.031180478223116186,2,0.8090277777777778,0.8784722222222222,0.890625,0.9097222222222223,0.8591304347826086,0.8693955314009661,0.034377191659440164,1
