,train_acc,test_acc
0,0.6833333333333333,0.6
1,0.6625,0.65
2,0.7,0.6333333333333333
3,0.625,0.65
4,0.5958333333333333,0.6833333333333333
