,train_acc,test_acc
0,0.7416666666666667,0.6833333333333333
1,0.7416666666666667,0.6666666666666666
2,0.75,0.6833333333333333
3,0.7458333333333333,0.5833333333333334
4,0.7583333333333333,0.6166666666666667
