,train_acc,test_acc
0,0.7916666666666666,0.7833333333333333
1,0.8166666666666667,0.85
2,0.8,0.8166666666666667
3,0.8125,0.8
4,0.7958333333333333,0.7166666666666667
