,train_acc,test_acc
0,0.6583333333333333,0.6833333333333333
1,0.7,0.5666666666666667
2,0.7,0.5666666666666667
3,0.6583333333333333,0.55
4,0.6416666666666667,0.5166666666666667
