,train_acc,test_acc
0,0.625,0.6
1,0.65,0.65
2,0.6416666666666667,0.7166666666666667
3,0.6416666666666667,0.6666666666666666
4,0.6416666666666667,0.6833333333333333
