,train_acc,test_acc
0,0.5916666666666667,0.6
1,0.5958333333333333,0.6166666666666667
2,0.5041666666666667,0.5
3,0.5791666666666667,0.55
4,0.5833333333333334,0.6666666666666666
