,train_acc,test_acc
0,0.7958333333333333,0.6666666666666666
1,0.7791666666666667,0.7
2,0.8166666666666667,0.6833333333333333
3,0.825,0.65
4,0.775,0.7
