,train_acc,test_acc
0,0.5833333333333334,0.4
1,0.6708333333333333,0.6
2,0.5916666666666667,0.5333333333333333
3,0.6375,0.5333333333333333
4,0.5625,0.4
