,train_acc,test_acc
0,0.8791666666666667,0.8333333333333334
1,0.8875,0.8333333333333334
2,0.9,0.8166666666666667
3,0.8958333333333334,0.75
4,0.8541666666666666,0.7666666666666667
