,train_acc,test_acc
0,0.6375,0.6666666666666666
1,0.6,0.6
2,0.6541666666666667,0.6166666666666667
3,0.5375,0.5833333333333334
4,0.6166666666666667,0.5833333333333334
