,train_acc,test_acc
0,0.7583333333333333,0.6666666666666666
1,0.6041666666666666,0.65
2,0.7458333333333333,0.7333333333333333
3,0.7625,0.7166666666666667
4,0.7375,0.65
