,train_acc,test_acc
0,0.6583333333333333,0.4166666666666667
1,0.6458333333333334,0.4666666666666667
2,0.6916666666666667,0.55
3,0.6916666666666667,0.5
4,0.675,0.5
