,train_acc,test_acc
0,0.8833333333333333,0.8666666666666667
1,0.875,0.85
2,0.875,0.85
3,0.8791666666666667,0.8333333333333334
4,0.8875,0.85
