,train_acc,test_acc
0,0.75,0.5833333333333334
1,0.7625,0.6166666666666667
2,0.7291666666666666,0.5833333333333334
3,0.7541666666666667,0.6
4,0.7083333333333334,0.6
