,train_acc,test_acc
0,0.6791666666666667,0.65
1,0.7,0.6166666666666667
2,0.675,0.6666666666666666
3,0.675,0.65
4,0.6875,0.6833333333333333
