,train_acc,test_acc
0,0.7666666666666667,0.7666666666666667
1,0.7625,0.7666666666666667
2,0.7708333333333334,0.7666666666666667
3,0.8125,0.8333333333333334
4,0.7916666666666666,0.8
