,train_acc,test_acc
0,0.8666666666666667,0.9
1,0.8666666666666667,0.9
2,0.8666666666666667,0.9
3,0.8666666666666667,0.9
4,0.8666666666666667,0.9
