,train_acc,test_acc
0,0.9916666666666667,0.9
1,1.0,0.9833333333333333
2,0.9833333333333333,0.9166666666666666
3,0.9958333333333333,0.9833333333333333
4,0.9958333333333333,0.95
