,train_acc,test_acc
0,0.9583333333333334,0.95
1,0.9833333333333333,0.9666666666666667
2,0.9625,0.9
3,1.0,0.9833333333333333
4,1.0,1.0
