,train_acc,test_acc
0,1.0,0.9666666666666667
1,0.9333333333333333,0.95
2,1.0,0.95
3,0.9583333333333334,0.9166666666666666
4,1.0,0.9833333333333333
