,train_acc,test_acc
0,1.0,1.0
1,0.9791666666666666,1.0
2,1.0,1.0
3,0.9708333333333333,0.9666666666666667
4,0.925,0.9333333333333333
