,train_acc,test_acc
0,0.9323926592797784,0.9384858044164038
1,0.933777700831025,0.9405888538380652
2,0.9317001385041551,0.9405888538380652
3,0.9329986149584487,0.944794952681388
4,0.930921052631579,0.9411146161934806
