,train_acc,test_acc
0,0.9189750692520776,0.9189750692520776
1,0.9186288088642659,0.9186288088642659
2,0.9188019390581718,0.9188019390581718
3,0.914733379501385,0.914733379501385
4,0.9153393351800554,0.9153393351800554
