,train_acc,test_acc
0,0.7288781163434903,0.7218717139852786
1,0.7266274238227147,0.7255520504731862
2,0.7273199445983379,0.7192429022082019
3,0.7275796398891967,0.7229232386961093
4,0.7265408587257618,0.7250262881177708
