,train_acc,test_acc
0,0.9425207756232687,0.9479495268138801
1,0.9410491689750693,0.9516298633017876
2,0.9411357340720221,0.9516298633017876
3,0.9416551246537396,0.9505783385909569
4,0.9395775623268698,0.9490010515247108
