,train_acc,test_acc
0,0.919494459833795,0.9321766561514195
1,0.9172437673130194,0.9295478443743428
2,0.9195810249307479,0.9311251314405888
3,0.917590027700831,0.9263932702418507
4,0.9178497229916898,0.9279705573080967
