,train_acc,test_acc
0,0.7255886426592798,0.7255886426592798
1,0.7228185595567868,0.7228185595567868
2,0.725328947368421,0.725328947368421
3,0.7201350415512465,0.7201350415512465
4,0.7242901662049861,0.7242901662049861
