,train_acc,test_acc
0,0.9439923822714681,0.9532071503680336
1,0.9439058171745153,0.9511041009463722
2,0.9426939058171745,0.953732912723449
3,0.9434729916897507,0.9505783385909569
4,0.9429536011080333,0.9511041009463722
