,train_acc,test_acc
0,0.9323926592797784,0.9395373291272345
1,0.9342970914127424,0.9379600420609885
2,0.9357686980609419,0.9395373291272345
3,0.9333448753462604,0.9416403785488959
4,0.9330851800554016,0.937434279705573
