,train_acc,test_acc
0,0.9116170360110804,0.9221871713985279
1,0.9161184210526315,0.926919032597266
2,0.9172437673130194,0.923764458464774
3,0.9163781163434903,0.9263932702418507
4,0.9142139889196675,0.92534174553102
