,train_acc,test_acc
0,0.9333448753462604,0.943217665615142
1,0.9368074792243767,0.9400630914826499
2,0.9350761772853186,0.9442691903259727
3,0.9332583102493075,0.9390115667718192
4,0.9342105263157895,0.9395373291272345
