,train_acc,test_acc
0,0.9360283933518005,0.937434279705573
1,0.9344702216066482,0.9411146161934806
2,0.9370671745152355,0.9426919032597266
3,0.9330851800554016,0.9437434279705573
4,0.9370671745152355,0.9384858044164038
