,train_acc,test_acc
0,0.919494459833795,0.919494459833795
1,0.9172437673130194,0.9172437673130194
2,0.9195810249307479,0.9195810249307479
3,0.917590027700831,0.917590027700831
4,0.9178497229916898,0.9178497229916898
