,train_acc,test_acc
0,0.9445983379501385,0.9542586750788643
1,0.9454639889196675,0.9558359621451105
2,0.9449445983379502,0.9532071503680336
3,0.9455505540166205,0.9542586750788643
4,0.945031163434903,0.9542586750788643
