,train_acc,test_acc
0,0.7820290858725761,0.7820290858725761
1,0.7820290858725761,0.7820290858725761
2,0.7852319944598338,0.7852319944598338
3,0.7830678670360111,0.7830678670360111
4,0.7804709141274239,0.7804709141274239
