,train_acc,test_acc
0,0.9443386426592798,0.9521556256572029
1,0.9437326869806094,0.953732912723449
2,0.9444252077562327,0.9505783385909569
3,0.9438192520775623,0.9521556256572029
4,0.9427804709141274,0.9505783385909569
