,train_acc,test_acc
0,0.920446675900277,0.920446675900277
1,0.9233898891966759,0.9233898891966759
2,0.9231301939058172,0.9231301939058172
3,0.9200138504155124,0.9200138504155124
4,0.923303324099723,0.923303324099723
