,train_acc,test_acc
0,0.7288781163434903,0.7288781163434903
1,0.7266274238227147,0.7266274238227147
2,0.7273199445983379,0.7273199445983379
3,0.7275796398891967,0.7275796398891967
4,0.7265408587257618,0.7265408587257618
