,train_acc,test_acc
0,0.920446675900277,0.9353312302839116
1,0.9233898891966759,0.9363827549947423
2,0.9231301939058172,0.9337539432176656
3,0.9200138504155124,0.9327024185068349
4,0.923303324099723,0.9342797055730809
