,train_acc,test_acc
0,0.9329120498614959,0.9395373291272345
1,0.9342105263157895,0.9405888538380652
2,0.933777700831025,0.9390115667718192
3,0.9338642659279779,0.9421661409043113
4,0.934729916897507,0.943217665615142
