,train_acc,test_acc
0,0.6416666666666667,0.6333333333333333
1,0.6916666666666667,0.8166666666666667
2,0.6875,0.7333333333333333
3,0.7125,0.7666666666666667
4,0.7083333333333334,0.7833333333333333
