,train_acc,test_acc
0,0.8,0.7333333333333333
1,0.7875,0.75
2,0.7666666666666667,0.75
3,0.775,0.7333333333333333
4,0.7875,0.7333333333333333
