,train_acc,test_acc
0,0.7333333333333333,0.7666666666666667
1,0.7208333333333333,0.75
2,0.7083333333333334,0.75
3,0.7041666666666667,0.7
4,0.7291666666666666,0.75
