,train_acc,test_acc
0,0.8375,0.7666666666666667
1,0.8375,0.8
2,0.8583333333333333,0.8
3,0.7958333333333333,0.7666666666666667
4,0.8375,0.8166666666666667
