,train_acc,test_acc
0,0.8875,0.7833333333333333
1,0.8875,0.8666666666666667
2,0.8916666666666667,0.8166666666666667
3,0.8625,0.85
4,0.8958333333333334,0.85
