,train_acc,test_acc
0,0.9166666666666666,0.8833333333333333
1,0.9,0.8666666666666667
2,0.9125,0.8333333333333334
3,0.9,0.85
4,0.9083333333333333,0.85
