,train_acc,test_acc
0,0.6416666666666667,0.5666666666666667
1,0.6666666666666666,0.5166666666666667
2,0.6875,0.65
3,0.7,0.5333333333333333
4,0.6541666666666667,0.5666666666666667
