,train_acc,test_acc
0,0.8,0.75
1,0.7875,0.75
2,0.8125,0.75
3,0.8083333333333333,0.75
4,0.7791666666666667,0.7666666666666667
