,train_acc,test_acc
0,0.9166666666666666,0.9666666666666667
1,0.875,0.9
2,0.8833333333333333,0.95
3,0.8666666666666667,0.95
4,0.9,0.95
