,train_acc,test_acc
0,0.8125,0.7
1,0.8166666666666667,0.7166666666666667
2,0.7958333333333333,0.7666666666666667
3,0.8083333333333333,0.7333333333333333
4,0.8083333333333333,0.65
