,train_acc,test_acc
0,0.7291666666666666,0.7333333333333333
1,0.7666666666666667,0.7666666666666667
2,0.7458333333333333,0.7166666666666667
3,0.75,0.7333333333333333
4,0.7625,0.7333333333333333
