,train_acc,test_acc
0,0.7458333333333333,0.6166666666666667
1,0.7625,0.7166666666666667
2,0.775,0.6833333333333333
3,0.7708333333333334,0.6666666666666666
4,0.7458333333333333,0.6666666666666666
