,train_acc,test_acc
0,0.7791666666666667,0.6666666666666666
1,0.7666666666666667,0.7
2,0.7791666666666667,0.75
3,0.7916666666666666,0.75
4,0.7791666666666667,0.7333333333333333
