,train_acc,test_acc
0,0.7458333333333333,0.65
1,0.7708333333333334,0.7333333333333333
2,0.75,0.7166666666666667
3,0.75,0.75
4,0.7416666666666667,0.65
