,train_acc,test_acc
0,0.7166666666666667,0.65
1,0.7083333333333334,0.65
2,0.7375,0.7
3,0.7458333333333333,0.6833333333333333
4,0.7458333333333333,0.65
