,train_acc,test_acc
0,0.8291666666666667,0.65
1,0.8291666666666667,0.65
2,0.8291666666666667,0.65
3,0.8291666666666667,0.65
4,0.8291666666666667,0.65
