,train_acc,test_acc
0,0.9416666666666667,0.85
1,0.9416666666666667,0.85
2,0.9416666666666667,0.85
3,0.9416666666666667,0.85
4,0.9416666666666667,0.85
