,train_acc,test_acc
0,0.8541666666666666,0.7333333333333333
1,0.8541666666666666,0.7333333333333333
2,0.85,0.7333333333333333
3,0.8541666666666666,0.75
4,0.85,0.75
