,train_acc,test_acc
0,0.8875,0.7666666666666667
1,0.8791666666666667,0.7666666666666667
2,0.875,0.7666666666666667
3,0.8791666666666667,0.7666666666666667
4,0.8791666666666667,0.7666666666666667
