,train_acc,test_acc
0,0.875,0.8333333333333334
1,0.8416666666666667,0.8
2,0.8708333333333333,0.8166666666666667
3,0.875,0.8166666666666667
4,0.8625,0.8333333333333334
