,train_acc,test_acc
0,0.7208333333333333,0.7
1,0.7291666666666666,0.7
2,0.7375,0.6333333333333333
3,0.7291666666666666,0.65
4,0.7541666666666667,0.6333333333333333
