,train_acc,test_acc
0,0.8875,0.95
1,0.8875,0.95
2,0.9,0.9166666666666666
3,0.9,0.9
4,0.9,0.9666666666666667
