,train_acc,test_acc
0,0.8,0.75
1,0.7875,0.7666666666666667
2,0.8041666666666667,0.7333333333333333
3,0.775,0.6666666666666666
4,0.8166666666666667,0.6666666666666666
