,train_acc,test_acc
0,0.7416666666666667,0.85
1,0.7416666666666667,0.8166666666666667
2,0.75,0.8333333333333334
3,0.7541666666666667,0.8333333333333334
4,0.7541666666666667,0.85
