,train_acc,test_acc
0,0.8208333333333333,0.6166666666666667
1,0.8166666666666667,0.6666666666666666
2,0.8,0.65
3,0.8208333333333333,0.6666666666666666
4,0.8083333333333333,0.6666666666666666
