,train_acc,test_acc
0,0.75,0.7166666666666667
1,0.7666666666666667,0.7166666666666667
2,0.7375,0.7166666666666667
3,0.7625,0.7666666666666667
4,0.75,0.7
