,train_acc,test_acc
0,0.7625,0.6833333333333333
1,0.7791666666666667,0.7
2,0.725,0.6833333333333333
3,0.725,0.6833333333333333
4,0.7375,0.6666666666666666
