,train_acc,test_acc
0,0.8791666666666667,0.8666666666666667
1,0.8666666666666667,0.8333333333333334
2,0.875,0.8
3,0.8916666666666667,0.85
4,0.8875,0.85
