,train_acc,test_acc
0,0.7791666666666667,0.7
1,0.7375,0.6833333333333333
2,0.7666666666666667,0.6833333333333333
3,0.7291666666666666,0.7
4,0.7333333333333333,0.6833333333333333
