,train_acc,test_acc
0,0.7666666666666667,0.8
1,0.8041666666666667,0.7833333333333333
2,0.8333333333333334,0.7833333333333333
3,0.8583333333333333,0.8
4,0.7375,0.6333333333333333
