,train_acc,test_acc
0,0.85,0.8833333333333333
1,0.8583333333333333,0.9166666666666666
2,0.8416666666666667,0.8833333333333333
3,0.85,0.9
4,0.8416666666666667,0.8833333333333333
