,train_acc,test_acc
0,0.8958333333333334,0.8166666666666667
1,0.9166666666666666,0.9
2,0.9041666666666667,0.8833333333333333
3,0.9,0.8333333333333334
4,0.8958333333333334,0.9
