,train_acc,test_acc
0,0.7291666666666666,0.5833333333333334
1,0.7541666666666667,0.5666666666666667
2,0.7208333333333333,0.5666666666666667
3,0.7416666666666667,0.55
4,0.7208333333333333,0.5666666666666667
