,train_acc,test_acc
0,0.775,0.6833333333333333
1,0.7916666666666666,0.6833333333333333
2,0.7958333333333333,0.6833333333333333
3,0.825,0.6833333333333333
4,0.7833333333333333,0.6833333333333333
