,train_acc,test_acc
0,0.7375,0.48333333333333334
1,0.7375,0.55
2,0.7208333333333333,0.5
3,0.7291666666666666,0.5
4,0.75,0.5666666666666667
