,train_acc,test_acc
0,0.8041666666666667,0.7333333333333333
1,0.825,0.7333333333333333
2,0.8375,0.7666666666666667
3,0.8333333333333334,0.75
4,0.8458333333333333,0.7666666666666667
