,train_acc,test_acc
0,0.9291666666666667,0.85
1,0.925,0.8
2,0.925,0.8
3,0.9291666666666667,0.7833333333333333
4,0.9333333333333333,0.8
