,train_acc,test_acc
0,0.7291666666666666,0.6833333333333333
1,0.725,0.6833333333333333
2,0.725,0.6833333333333333
3,0.7125,0.6833333333333333
4,0.7333333333333333,0.6666666666666666
