,train_acc,test_acc
0,0.8041666666666667,0.65
1,0.8,0.6166666666666667
2,0.8125,0.65
3,0.8,0.7
4,0.7916666666666666,0.6666666666666666
