,train_acc,test_acc
0,0.7583333333333333,0.6833333333333333
1,0.725,0.6666666666666666
2,0.7375,0.6833333333333333
3,0.7416666666666667,0.7
4,0.7458333333333333,0.7
