,train_acc,test_acc
0,0.7375,0.55
1,0.7,0.5833333333333334
2,0.7375,0.5833333333333334
3,0.75,0.5333333333333333
4,0.7333333333333333,0.55
