,train_acc,test_acc
0,0.8583333333333333,0.75
1,0.8541666666666666,0.8666666666666667
2,0.8416666666666667,0.7333333333333333
3,0.8708333333333333,0.7166666666666667
4,0.8583333333333333,0.75
