,train_acc,test_acc
0,0.8666666666666667,0.7166666666666667
1,0.8333333333333334,0.7666666666666667
2,0.8333333333333334,0.7333333333333333
3,0.8541666666666666,0.7333333333333333
4,0.8333333333333334,0.75
