,train_acc,test_acc
0,0.875,0.8166666666666667
1,0.875,0.85
2,0.8833333333333333,0.85
3,0.8916666666666667,0.8833333333333333
4,0.9,0.8166666666666667
