,train_acc,test_acc
0,0.7833333333333333,0.85
1,0.8041666666666667,0.8333333333333334
2,0.7833333333333333,0.8166666666666667
3,0.7833333333333333,0.8666666666666667
4,0.7875,0.8
