,train_acc,test_acc
0,0.9083333333333333,0.7833333333333333
1,0.9,0.7666666666666667
2,0.8958333333333334,0.75
3,0.875,0.7666666666666667
4,0.8875,0.8
