,train_acc,test_acc
0,0.95,0.85
1,0.95,0.8666666666666667
2,0.9541666666666667,0.85
3,0.95,0.8333333333333334
4,0.9375,0.8666666666666667
