,train_acc,test_acc
0,0.8958333333333334,0.8166666666666667
1,0.9125,0.8
2,0.9166666666666666,0.7666666666666667
3,0.9166666666666666,0.8333333333333334
4,0.925,0.7833333333333333
