,train_acc,test_acc
0,0.8291666666666667,0.7666666666666667
1,0.8333333333333334,0.7166666666666667
2,0.8125,0.7833333333333333
3,0.675,0.5833333333333334
4,0.7958333333333333,0.7166666666666667
