,train_acc,test_acc
0,0.6625,0.65
1,0.6916666666666667,0.7333333333333333
2,0.6791666666666667,0.7
3,0.6916666666666667,0.6666666666666666
4,0.6666666666666666,0.7166666666666667
