,train_acc,test_acc
0,0.875,0.8166666666666667
1,0.875,0.8166666666666667
2,0.8708333333333333,0.8333333333333334
3,0.875,0.8
4,0.8833333333333333,0.8333333333333334
