,train_acc,test_acc
0,0.8416666666666667,0.7
1,0.85,0.6833333333333333
2,0.8666666666666667,0.6833333333333333
3,0.8791666666666667,0.7166666666666667
4,0.8583333333333333,0.6833333333333333
