,train_acc,test_acc
0,0.7625,0.5333333333333333
1,0.7625,0.55
2,0.7416666666666667,0.5333333333333333
3,0.7541666666666667,0.5333333333333333
4,0.75,0.5666666666666667
