,train_acc,test_acc
0,0.8458333333333333,0.75
1,0.8375,0.75
2,0.8416666666666667,0.7166666666666667
3,0.8458333333333333,0.75
4,0.8416666666666667,0.75
