,train_acc,test_acc
0,0.7791666666666667,0.6833333333333333
1,0.7375,0.7
2,0.7541666666666667,0.6833333333333333
3,0.7458333333333333,0.6166666666666667
4,0.7541666666666667,0.7
