,train_acc,test_acc
0,0.8791666666666667,0.9
1,0.9583333333333334,0.8333333333333334
2,0.9416666666666667,0.8666666666666667
3,0.9375,0.9166666666666666
4,0.9416666666666667,0.8666666666666667
