,train_acc,test_acc
0,0.9458333333333333,0.7166666666666667
1,0.9666666666666667,0.75
2,0.9583333333333334,0.7833333333333333
3,1.0,0.7333333333333333
4,0.9916666666666667,0.7666666666666667
