,train_acc,test_acc
0,0.7875,0.7666666666666667
1,0.8875,0.7833333333333333
2,0.8791666666666667,0.6833333333333333
3,0.8708333333333333,0.7666666666666667
4,0.8291666666666667,0.65
