,train_acc,test_acc
0,0.7708333333333334,0.7
1,0.7916666666666666,0.7
2,0.7875,0.7
3,0.7875,0.7166666666666667
4,0.7916666666666666,0.7
