,train_acc,test_acc
0,0.9958333333333333,0.9333333333333333
1,0.9958333333333333,0.9666666666666667
2,1.0,0.95
3,1.0,0.9166666666666666
4,1.0,0.9333333333333333
