,train_acc,test_acc
0,0.9708333333333333,0.8333333333333334
1,0.9625,0.8833333333333333
2,0.9625,0.85
3,0.9625,0.9
4,0.9666666666666667,0.8333333333333334
