,train_acc,test_acc
0,0.875,0.7833333333333333
1,0.8791666666666667,0.8
2,0.8666666666666667,0.7833333333333333
3,0.8833333333333333,0.8
4,0.8625,0.7666666666666667
