,train_acc,test_acc
0,0.8875,0.8166666666666667
1,0.9166666666666666,0.7333333333333333
2,0.9375,0.8166666666666667
3,0.9333333333333333,0.7833333333333333
4,0.9,0.75
