,train_acc,test_acc
0,0.9208333333333333,0.8833333333333333
1,0.9166666666666666,0.8833333333333333
2,0.9208333333333333,0.8833333333333333
3,0.9125,0.8833333333333333
4,0.9166666666666666,0.9
