,train_acc,test_acc
0,0.9958333333333333,0.6
1,0.9833333333333333,0.6333333333333333
2,0.9875,0.6333333333333333
3,0.9833333333333333,0.65
4,0.9916666666666667,0.65
