,train_acc,test_acc
0,0.875,0.6666666666666666
1,0.8583333333333333,0.7166666666666667
2,0.8625,0.6666666666666666
3,0.8791666666666667,0.6666666666666666
4,0.8708333333333333,0.6833333333333333
