,train_acc,test_acc
0,0.9875,0.9
1,0.9833333333333333,0.9
2,0.9833333333333333,0.9333333333333333
3,0.9833333333333333,0.8833333333333333
4,0.9833333333333333,0.9
