,train_acc,test_acc
0,0.8375,0.7666666666666667
1,0.8458333333333333,0.7666666666666667
2,0.8333333333333334,0.7666666666666667
3,0.8291666666666667,0.7666666666666667
4,0.8291666666666667,0.7333333333333333
