,train_acc,test_acc
0,0.8291666666666667,0.65
1,0.7791666666666667,0.65
2,0.8125,0.6833333333333333
3,0.8083333333333333,0.6833333333333333
4,0.8208333333333333,0.6833333333333333
