,train_acc,test_acc
0,0.9875,0.7666666666666667
1,0.9791666666666666,0.8333333333333334
2,0.9875,0.8
3,0.975,0.85
4,0.9875,0.7666666666666667
