,train_acc,test_acc
0,1.0,0.6
1,0.9916666666666667,0.6666666666666666
2,1.0,0.6666666666666666
3,0.9958333333333333,0.6333333333333333
4,1.0,0.65
