,train_acc,test_acc
0,0.7958333333333333,0.75
1,0.8125,0.75
2,0.8,0.7833333333333333
3,0.7875,0.7833333333333333
4,0.8,0.75
