,train_acc,test_acc
0,0.9083333333333333,0.6833333333333333
1,0.8958333333333334,0.7166666666666667
2,0.8958333333333334,0.7
3,0.9,0.7333333333333333
4,0.9,0.75
