,train_acc,test_acc
0,0.85,0.8
1,0.8541666666666666,0.8
2,0.8625,0.8
3,0.8708333333333333,0.8
4,0.8708333333333333,0.8
