,train_acc,test_acc
0,1.0,0.6333333333333333
1,1.0,0.7166666666666667
2,0.9916666666666667,0.7
3,1.0,0.75
4,1.0,0.7166666666666667
