,train_acc,test_acc
0,0.9625,0.8833333333333333
1,0.9541666666666667,0.85
2,0.9625,0.85
3,0.95,0.85
4,0.9625,0.8
