,train_acc,test_acc
0,0.8333333333333334,0.8166666666666667
1,0.8916666666666667,0.8833333333333333
2,0.8625,0.8833333333333333
3,0.8875,0.85
4,0.8708333333333333,0.85
