,train_acc,test_acc
0,0.7333333333333333,0.55
1,0.7333333333333333,0.55
2,0.7333333333333333,0.55
3,0.7333333333333333,0.55
4,0.7333333333333333,0.55
