,train_acc,test_acc
0,0.7958333333333333,0.5833333333333334
1,0.7958333333333333,0.5833333333333334
2,0.7958333333333333,0.5833333333333334
3,0.7958333333333333,0.5833333333333334
4,0.7958333333333333,0.5833333333333334
