,train_acc,test_acc
0,0.7458333333333333,0.7666666666666667
1,0.7458333333333333,0.7666666666666667
2,0.7458333333333333,0.7666666666666667
3,0.7458333333333333,0.7666666666666667
4,0.7458333333333333,0.7666666666666667
