,train_acc,test_acc
0,0.875,0.5833333333333334
1,0.49583333333333335,0.6333333333333333
2,0.4666666666666667,0.4
3,0.5333333333333333,0.55
4,0.6958333333333333,0.6333333333333333
