,train_acc,test_acc
0,0.9916666666666667,0.7
1,0.675,0.6166666666666667
2,0.7083333333333334,0.5166666666666667
3,0.7583333333333333,0.6666666666666666
4,0.9125,0.5833333333333334
