,train_acc,test_acc
0,0.9375,0.5666666666666667
1,0.4375,0.4666666666666667
2,0.5458333333333333,0.3
3,0.48333333333333334,0.43333333333333335
4,0.8166666666666667,0.5
