,train_acc,test_acc
0,0.9666666666666667,0.8
1,0.6416666666666667,0.7833333333333333
2,0.8458333333333333,0.16666666666666666
3,0.7833333333333333,0.7
4,0.925,0.5833333333333334
