,train_acc,test_acc
0,0.4666666666666667,0.5
1,0.5333333333333333,0.4166666666666667
2,0.5125,0.3333333333333333
3,0.5,0.43333333333333335
4,0.4791666666666667,0.4666666666666667
