,train_acc,test_acc
0,0.9666666666666667,0.8166666666666667
1,0.5916666666666667,0.7166666666666667
2,0.7125,0.2
3,0.6375,0.6833333333333333
4,0.8958333333333334,0.7166666666666667
