,train_acc,test_acc
0,0.9625,0.7333333333333333
1,0.7541666666666667,0.6666666666666666
2,0.7958333333333333,0.06666666666666667
3,0.7833333333333333,0.65
4,0.925,0.6666666666666666
