,train_acc,test_acc
0,0.9541666666666667,0.65
1,0.6625,0.6333333333333333
2,0.6541666666666667,0.4166666666666667
3,0.6375,0.5333333333333333
4,0.875,0.6333333333333333
