,train_acc,test_acc
0,0.9791666666666666,0.8333333333333334
1,0.7458333333333333,0.7666666666666667
2,0.8541666666666666,0.13333333333333333
3,0.7875,0.75
4,0.9708333333333333,0.8
