,train_acc,test_acc
0,0.9333333333333333,0.75
1,0.6791666666666667,0.6833333333333333
2,0.6916666666666667,0.18333333333333332
3,0.6333333333333333,0.6333333333333333
4,0.8666666666666667,0.6
