,train_acc,test_acc
0,0.9833333333333333,0.85
1,0.7333333333333333,0.7666666666666667
2,0.8375,0.2
3,0.7708333333333334,0.7
4,0.9333333333333333,0.7833333333333333
