,train_acc,test_acc
0,0.9166666666666666,0.7166666666666667
1,0.625,0.5
2,0.5958333333333333,0.45
3,0.6791666666666667,0.55
4,0.8541666666666666,0.5333333333333333
