,train_acc,test_acc
0,0.8708333333333333,0.6166666666666667
1,0.6083333333333333,0.6166666666666667
2,0.6041666666666666,0.5833333333333334
3,0.6125,0.6166666666666667
4,0.6708333333333333,0.6166666666666667
