,train_acc,test_acc
0,0.6375,0.6375
1,0.65,0.65
2,0.6583333333333333,0.6583333333333333
3,0.6875,0.6875
4,0.6166666666666667,0.6166666666666667
