,train_acc,test_acc
0,0.6666666666666666,0.6666666666666666
1,0.5916666666666667,0.5916666666666667
2,0.6208333333333333,0.6208333333333333
3,0.6125,0.6125
4,0.6541666666666667,0.6541666666666667
