,train_acc,test_acc
0,0.925,0.925
1,0.9125,0.9125
2,0.9166666666666666,0.9166666666666666
3,0.9291666666666667,0.9291666666666667
4,0.9291666666666667,0.9291666666666667
