,train_acc,test_acc
0,0.7416666666666667,0.7416666666666667
1,0.6833333333333333,0.6833333333333333
2,0.725,0.725
3,0.7458333333333333,0.7458333333333333
4,0.7541666666666667,0.7541666666666667
