,train_acc,test_acc
0,0.75,0.75
1,0.6666666666666666,0.6666666666666666
2,0.675,0.675
3,0.7375,0.7375
4,0.7375,0.7375
