,train_acc,test_acc
0,0.7041666666666667,0.7041666666666667
1,0.7375,0.7375
2,0.6958333333333333,0.6958333333333333
3,0.7083333333333334,0.7083333333333334
4,0.7125,0.7125
