,train_acc,test_acc
0,0.7791666666666667,0.7791666666666667
1,0.7875,0.7875
2,0.7375,0.7375
3,0.7791666666666667,0.7791666666666667
4,0.725,0.725
