,train_acc,test_acc
0,0.6541666666666667,0.6541666666666667
1,0.6625,0.6625
2,0.65,0.65
3,0.6291666666666667,0.6291666666666667
4,0.625,0.625
