,train_acc,test_acc
0,0.7916666666666666,0.7916666666666666
1,0.775,0.775
2,0.7458333333333333,0.7458333333333333
3,0.7958333333333333,0.7958333333333333
4,0.7958333333333333,0.7958333333333333
