,train_acc,test_acc
0,1.0,1.0
1,1.0,1.0
2,1.0,1.0
3,0.9791666666666666,0.9791666666666666
4,1.0,1.0
