,train_acc,test_acc
0,0.9234764542936288,0.919558359621451
1,0.9014023545706371,0.9048370136698213
2,0.8926592797783933,0.8990536277602523
3,0.9114439058171745,0.905888538380652
4,0.9123961218836565,0.9106203995793901
