,train_acc,test_acc
0,0.926159972299169,0.9363827549947423
1,0.9117901662049861,0.9263932702418507
2,0.925207756232687,0.9426919032597266
3,0.9188019390581718,0.9284963196635121
4,0.8999307479224377,0.9148264984227129
