,train_acc,test_acc
0,0.7409972299168975,0.732912723449001
1,0.7289646814404432,0.7318611987381703
2,0.7403912742382271,0.7308096740273397
3,0.7342451523545707,0.7308096740273397
4,0.7409972299168975,0.7318611987381703
