,train_acc,test_acc
0,0.7349376731301939,0.7281808622502629
1,0.7372749307479224,0.729758149316509
2,0.7426419667590027,0.7318611987381703
3,0.7431613573407202,0.7344900105152471
4,0.7422091412742382,0.7360672975814931
