,train_acc,test_acc
0,0.9130886426592798,0.9211356466876972
1,0.9179362880886427,0.9321766561514195
2,0.9216585872576177,0.9348054679284963
3,0.9120498614958449,0.9200841219768665
4,0.8981128808864266,0.9111461619348055
