,train_acc,test_acc
0,0.7791666666666667,0.8666666666666667
1,0.7791666666666667,0.8666666666666667
2,0.7791666666666667,0.8666666666666667
3,0.7791666666666667,0.8666666666666667
4,0.7791666666666667,0.8666666666666667
