,train_acc,test_acc
0,0.7541666666666667,0.65
1,0.7541666666666667,0.65
2,0.7541666666666667,0.65
3,0.7541666666666667,0.65
4,0.7541666666666667,0.65
