,train_acc,test_acc
0,0.7125,0.6833333333333333
1,0.7125,0.6833333333333333
2,0.7125,0.6833333333333333
3,0.7125,0.6833333333333333
4,0.7125,0.6833333333333333
