,train_acc,test_acc
0,0.75,0.7833333333333333
1,0.75,0.7833333333333333
2,0.75,0.7833333333333333
3,0.75,0.7833333333333333
4,0.75,0.7833333333333333
