,train_acc,test_acc
0,0.6958333333333333,0.65
1,0.6958333333333333,0.65
2,0.6958333333333333,0.65
3,0.6958333333333333,0.65
4,0.6958333333333333,0.65
