,train_acc,test_acc
0,1.0,0.9833333333333333
1,1.0,0.95
2,1.0,0.9666666666666667
3,1.0,0.95
4,1.0,0.9833333333333333
