,train_acc,test_acc
0,0.8291666666666667,0.7833333333333333
1,0.5875,0.6
2,0.6541666666666667,0.6833333333333333
3,0.7375,0.7
4,0.725,0.7666666666666667
