,train_acc,test_acc
0,0.9583333333333334,0.8666666666666667
1,0.9916666666666667,1.0
2,0.9416666666666667,0.9
3,1.0,1.0
4,0.9916666666666667,0.9833333333333333
