,train_acc,test_acc
0,0.9958333333333333,0.9333333333333333
1,0.9958333333333333,0.9833333333333333
2,0.9875,0.95
3,0.9958333333333333,0.95
4,0.9958333333333333,0.95
