,train_acc,test_acc
0,0.975,0.9833333333333333
1,1.0,1.0
2,0.9666666666666667,0.95
3,0.95,0.95
4,0.9583333333333334,0.9833333333333333
