,train_acc,test_acc
0,0.9916666666666667,0.9666666666666667
1,0.9625,0.9666666666666667
2,0.9916666666666667,0.9666666666666667
3,1.0,0.9833333333333333
4,0.9416666666666667,0.95
