,train_acc,test_acc
0,0.9375,0.7166666666666667
1,0.9708333333333333,0.7
2,0.9166666666666666,0.7833333333333333
3,0.9291666666666667,0.7
4,0.9208333333333333,0.7666666666666667
