,train_acc,test_acc
0,1.0,0.8333333333333334
1,0.9791666666666666,0.8333333333333334
2,0.9791666666666666,0.8333333333333334
3,0.9958333333333333,0.8
4,0.9833333333333333,0.9
