,train_acc,test_acc
0,0.7791666666666667,0.8
1,0.8583333333333333,0.75
2,0.8291666666666667,0.75
3,0.8541666666666666,0.8166666666666667
4,0.8375,0.75
