,train_acc,test_acc
0,0.9333333333333333,0.8333333333333334
1,0.9208333333333333,0.7166666666666667
2,0.9666666666666667,0.8333333333333334
3,0.9333333333333333,0.75
4,0.9625,0.7833333333333333
