,train_acc,test_acc
0,0.825,0.75
1,0.8416666666666667,0.7666666666666667
2,0.8458333333333333,0.8
3,0.7166666666666667,0.6666666666666666
4,0.8208333333333333,0.75
