,train_acc,test_acc
0,0.925,0.8333333333333334
1,0.9458333333333333,0.8833333333333333
2,0.8083333333333333,0.7833333333333333
3,0.9208333333333333,0.8833333333333333
4,0.9125,0.8333333333333334
