,train_acc,test_acc
0,0.9708333333333333,0.7833333333333333
1,0.9958333333333333,0.6833333333333333
2,0.9333333333333333,0.7833333333333333
3,0.9583333333333334,0.7166666666666667
4,0.9916666666666667,0.75
