,train_acc,test_acc
0,0.8541666666666666,0.75
1,0.7291666666666666,0.7166666666666667
2,0.7958333333333333,0.7166666666666667
3,0.7958333333333333,0.7
4,0.8083333333333333,0.7666666666666667
