,train_acc,test_acc
0,0.9083333333333333,0.7833333333333333
1,0.9333333333333333,0.8
2,0.875,0.8
3,0.8833333333333333,0.8166666666666667
4,0.9083333333333333,0.7666666666666667
