,train_acc,test_acc
0,0.8333333333333334,0.7666666666666667
1,0.8041666666666667,0.75
2,0.8708333333333333,0.7
3,0.8791666666666667,0.7
4,0.875,0.7666666666666667
