,train_acc,test_acc
0,0.9625,1.0
1,0.9375,0.9
2,0.9416666666666667,0.9666666666666667
3,0.9333333333333333,0.9833333333333333
4,0.925,0.95
