,train_acc,test_acc
0,0.7625,0.6833333333333333
1,0.8208333333333333,0.6833333333333333
2,0.8083333333333333,0.6666666666666666
3,0.7875,0.7166666666666667
4,0.8041666666666667,0.6666666666666666
