,train_acc,test_acc
0,0.6458333333333334,0.43333333333333335
1,0.6958333333333333,0.4166666666666667
2,0.7,0.5166666666666667
3,0.6791666666666667,0.55
4,0.6958333333333333,0.43333333333333335
