,train_acc,test_acc
0,0.65,0.5833333333333334
1,0.675,0.5666666666666667
2,0.6375,0.5333333333333333
3,0.6333333333333333,0.45
4,0.725,0.5666666666666667
