,train_acc,test_acc
0,0.725,0.65
1,0.7166666666666667,0.6666666666666666
2,0.6916666666666667,0.6666666666666666
3,0.6916666666666667,0.7
4,0.75,0.7
