,train_acc,test_acc
0,0.9291666666666667,0.9
1,0.925,0.9
2,0.9291666666666667,0.9
3,0.9333333333333333,0.9333333333333333
4,0.9333333333333333,0.8666666666666667
