,train_acc,test_acc
0,0.6458333333333334,0.6166666666666667
1,0.6583333333333333,0.5666666666666667
2,0.6333333333333333,0.5
3,0.6583333333333333,0.5833333333333334
4,0.6458333333333334,0.5
