,train_acc,test_acc
0,0.7083333333333334,0.5333333333333333
1,0.6416666666666667,0.5
2,0.6666666666666666,0.48333333333333334
3,0.6583333333333333,0.45
4,0.6541666666666667,0.48333333333333334
