,train_acc,test_acc
0,0.675,0.5833333333333334
1,0.6958333333333333,0.5833333333333334
2,0.6583333333333333,0.5166666666666667
3,0.7,0.6166666666666667
4,0.675,0.6
