,train_acc,test_acc
0,0.6833333333333333,0.6
1,0.6416666666666667,0.6333333333333333
2,0.6333333333333333,0.6666666666666666
3,0.6958333333333333,0.6666666666666666
4,0.6458333333333334,0.5833333333333334
