,train_acc,test_acc
0,0.8125,0.48333333333333334
1,0.7291666666666666,0.6333333333333333
2,0.7333333333333333,0.5333333333333333
3,0.7166666666666667,0.38333333333333336
4,0.7375,0.5333333333333333
