,train_acc,test_acc
0,0.7083333333333334,0.48333333333333334
1,0.6958333333333333,0.5
2,0.7125,0.6
3,0.7,0.5333333333333333
4,0.6,0.4166666666666667
