,train_acc,test_acc
0,0.6833333333333333,0.55
1,0.7583333333333333,0.6
2,0.65,0.6
3,0.6875,0.4666666666666667
4,0.6916666666666667,0.5666666666666667
