,train_acc,test_acc
0,0.8,0.6833333333333333
1,0.8375,0.6833333333333333
2,0.825,0.8333333333333334
3,0.8083333333333333,0.8666666666666667
4,0.8,0.6833333333333333
