,train_acc,test_acc
0,0.8583333333333333,0.8333333333333334
1,0.8625,0.75
2,0.8666666666666667,0.8
3,0.8583333333333333,0.8833333333333333
4,0.8333333333333334,0.8
