,train_acc,test_acc
0,0.9791666666666666,0.8666666666666667
1,0.8125,0.9
2,0.8875,0.5666666666666667
3,0.8625,0.7333333333333333
4,0.9666666666666667,0.8333333333333334
