,train_acc,test_acc
0,0.6083333333333333,0.65
1,0.6958333333333333,0.6166666666666667
2,0.6541666666666667,0.5
3,0.6458333333333334,0.6
4,0.6833333333333333,0.6333333333333333
