,train_acc,test_acc
0,0.9541666666666667,0.9333333333333333
1,0.875,0.9166666666666666
2,0.8958333333333334,0.5833333333333334
3,0.8916666666666667,0.9
4,0.95,0.8833333333333333
