,train_acc,test_acc
0,0.9416666666666667,0.75
1,0.8208333333333333,0.7166666666666667
2,0.8625,0.6666666666666666
3,0.825,0.7166666666666667
4,0.8958333333333334,0.75
