,train_acc,test_acc
0,0.9625,0.8333333333333334
1,0.8708333333333333,0.9
2,0.8916666666666667,0.7333333333333333
3,0.8791666666666667,0.8
4,0.95,0.8333333333333334
