,train_acc,test_acc
0,0.6833333333333333,0.5333333333333333
1,0.6333333333333333,0.5666666666666667
2,0.6791666666666667,0.55
3,0.6208333333333333,0.6
4,0.6833333333333333,0.55
