,train_acc,test_acc
0,0.7166666666666667,0.7
1,0.475,0.45
2,0.6125,0.4666666666666667
3,0.5833333333333334,0.5
4,0.675,0.55
