,train_acc,test_acc
0,0.9958333333333333,0.8166666666666667
1,0.8916666666666667,0.7833333333333333
2,0.925,0.5
3,0.8875,0.8166666666666667
4,0.9708333333333333,0.8333333333333334
