,train_acc,test_acc
0,0.9541666666666667,0.8166666666666667
1,0.7958333333333333,0.85
2,0.8333333333333334,0.5333333333333333
3,0.8291666666666667,0.85
4,0.925,0.8666666666666667
