,train_acc,test_acc
0,0.9625,0.8666666666666667
1,0.8583333333333333,0.8666666666666667
2,0.875,0.6833333333333333
3,0.8458333333333333,0.8833333333333333
4,0.9083333333333333,0.7666666666666667
