,train_acc,test_acc
0,0.9,0.7333333333333333
1,0.7375,0.7
2,0.7541666666666667,0.43333333333333335
3,0.7625,0.6666666666666666
4,0.8458333333333333,0.7333333333333333
