,train_acc,test_acc
0,0.9875,0.8333333333333334
1,0.7791666666666667,0.8833333333333333
2,0.8666666666666667,0.6
3,0.8541666666666666,0.85
4,0.9666666666666667,0.7666666666666667
