,train_acc,test_acc
0,0.9666666666666667,0.7
1,0.8375,0.7666666666666667
2,0.8625,0.4166666666666667
3,0.8833333333333333,0.7166666666666667
4,0.9625,0.7666666666666667
