,train_acc,test_acc
0,0.95,0.7
1,0.7541666666666667,0.75
2,0.8375,0.43333333333333335
3,0.7916666666666666,0.75
4,0.8958333333333334,0.75
