,train_acc,test_acc
0,0.9041666666666667,0.7333333333333333
1,0.7791666666666667,0.7
2,0.8,0.5833333333333334
3,0.8208333333333333,0.6333333333333333
4,0.8541666666666666,0.6833333333333333
