,train_acc,test_acc
0,0.9916666666666667,1.0
1,0.9916666666666667,1.0
2,0.9916666666666667,1.0
3,0.9916666666666667,1.0
4,0.9916666666666667,1.0
