,train_acc,test_acc
0,0.5375,0.4166666666666667
1,0.5708333333333333,0.48333333333333334
2,0.5875,0.5333333333333333
3,0.575,0.45
4,0.5958333333333333,0.45
