,train_acc,test_acc
0,0.775,0.7333333333333333
1,0.7416666666666667,0.7333333333333333
2,0.7333333333333333,0.7333333333333333
3,0.8,0.75
4,0.7875,0.7833333333333333
