,mean_fit_time,std_fit_time,mean_score_time,std_score_time,param_batch_size,param_learning_rate,param_max_vmap,params,split0_test_accuracy,split1_test_accuracy,split2_test_accuracy,split3_test_accuracy,split4_test_accuracy,mean_test_accuracy,std_test_accuracy,rank_test_accuracy,split0_test_roc_auc,split1_test_roc_auc,split2_test_roc_auc,split3_test_roc_auc,split4_test_roc_auc,mean_test_roc_auc,std_test_roc_auc,rank_test_roc_auc
0,44.41050701141357,1.5729066505835505,0.47131967544555664,0.0074785272545888825,32,0.001,1,"{'batch_size': 32, 'learning_rate': 0.001, 'max_vmap': 1}",0.625,0.7291666666666666,0.7916666666666666,0.7708333333333334,0.8125,0.7458333333333333,0.06640573937712178,3,0.6243478260869565,0.6956521739130436,0.7391304347826088,0.7656250000000001,0.7881944444444444,0.7225899758454106,0.05797708434909575,3
1,21.950254964828492,5.19797057483548,0.47202019691467284,0.007434079287441673,32,0.01,1,"{'batch_size': 32, 'learning_rate': 0.01, 'max_vmap': 1}",0.7708333333333334,0.75,0.7916666666666666,0.8125,0.7916666666666666,0.7833333333333333,0.02124591463996993,1,0.7252173913043478,0.7060869565217391,0.7826086956521738,0.78125,0.7934027777777778,0.7577131642512077,0.03512480382413022,1
2,13.967849206924438,2.1440938505881957,0.47733702659606936,0.007485828237060731,32,0.1,1,"{'batch_size': 32, 'learning_rate': 0.1, 'max_vmap': 1}",0.7916666666666666,0.6875,0.7083333333333334,0.6875,0.875,0.75,0.0733617369235792,2,0.714782608695652,0.6921739130434783,0.7791304347826087,0.7361111111111112,0.8472222222222223,0.7538840579710144,0.054776519441079245,2
