,mean_fit_time,std_fit_time,mean_score_time,std_score_time,param_batch_size,param_learning_rate,param_max_vmap,params,split0_test_accuracy,split1_test_accuracy,split2_test_accuracy,split3_test_accuracy,split4_test_accuracy,mean_test_accuracy,std_test_accuracy,rank_test_accuracy,split0_test_roc_auc,split1_test_roc_auc,split2_test_roc_auc,split3_test_roc_auc,split4_test_roc_auc,mean_test_roc_auc,std_test_roc_auc,rank_test_roc_auc
0,26.215116024017334,4.9779334185816815,0.5002650260925293,0.01601390333794862,32,0.001,1,"{'batch_size': 32, 'learning_rate': 0.001, 'max_vmap': 1}",0.5833333333333334,0.5,0.5,0.4791666666666667,0.4583333333333333,0.5041666666666667,0.04249182927993989,3,0.6382608695652174,0.52,0.5791304347826087,0.4973913043478261,0.4930555555555556,0.5455676328502415,0.055588989099623565,3
1,20.246014022827147,5.378917315379586,0.547052001953125,0.2179410013952344,32,0.01,1,"{'batch_size': 32, 'learning_rate': 0.01, 'max_vmap': 1}",0.6458333333333334,0.5208333333333334,0.625,0.5625,0.5833333333333334,0.5875000000000001,0.04448782605013046,1,0.6956521739130435,0.47304347826086957,0.6347826086956522,0.6,0.4722222222222222,0.5751400966183575,0.08912262694419239,2
2,11.436786985397339,2.086720509266992,0.3616516590118408,0.011983586740283846,32,0.1,1,"{'batch_size': 32, 'learning_rate': 0.1, 'max_vmap': 1}",0.6666666666666666,0.5208333333333334,0.625,0.4791666666666667,0.5208333333333334,0.5625,0.07095577652469331,2,0.7547826086956522,0.528695652173913,0.6173913043478261,0.5704347826086957,0.5277777777777778,0.5998164251207729,0.08418361646292395,1
