,train_acc,test_acc
0,0.625,0.5666666666666667
1,0.7166666666666667,0.5666666666666667
2,0.7041666666666667,0.5833333333333334
3,0.7,0.6666666666666666
4,0.6791666666666667,0.5666666666666667
