,train_acc,test_acc
0,0.775,0.8166666666666667
1,0.7541666666666667,0.7833333333333333
2,0.7583333333333333,0.8
3,0.725,0.7833333333333333
4,0.7666666666666667,0.8166666666666667
