,mean_fit_time,std_fit_time,mean_score_time,std_score_time,param_batch_size,param_learning_rate,param_max_vmap,params,split0_test_accuracy,split1_test_accuracy,split2_test_accuracy,split3_test_accuracy,split4_test_accuracy,mean_test_accuracy,std_test_accuracy,rank_test_accuracy,split0_test_roc_auc,split1_test_roc_auc,split2_test_roc_auc,split3_test_roc_auc,split4_test_roc_auc,mean_test_roc_auc,std_test_roc_auc,rank_test_roc_auc
0,24.548142433166504,5.433684460321012,0.41811790466308596,0.0064933467258639285,32,0.001,1,"{'batch_size': 32, 'learning_rate': 0.001, 'max_vmap': 1}",0.3958333333333333,0.5208333333333334,0.4375,0.5833333333333334,0.6458333333333334,0.5166666666666667,0.09166666666666669,2,0.4201388888888889,0.5225694444444444,0.5,0.5833333333333333,0.6469565217391304,0.5345996376811594,0.0767361270565599,1
1,15.856756830215454,2.398275485535752,0.380839204788208,0.043832860999758624,32,0.01,1,"{'batch_size': 32, 'learning_rate': 0.01, 'max_vmap': 1}",0.4375,0.5625,0.4583333333333333,0.5833333333333334,0.6041666666666666,0.5291666666666666,0.06795627679291705,1,0.44270833333333337,0.5052083333333333,0.5052083333333333,0.5416666666666666,0.577391304347826,0.5144365942028986,0.044766142073088655,2
2,12.106503915786742,2.4961086822999965,0.3237062931060791,0.00215396402492412,32,0.1,1,"{'batch_size': 32, 'learning_rate': 0.1, 'max_vmap': 1}",0.4791666666666667,0.5,0.5,0.5416666666666666,0.5416666666666666,0.5125,0.024999999999999977,3,0.47048611111111105,0.4427083333333333,0.4461805555555555,0.4930555555555556,0.5617391304347825,0.4828339371980676,0.043443099065293214,3
