,mean_fit_time,std_fit_time,mean_score_time,std_score_time,param_batch_size,param_learning_rate,param_max_vmap,params,split0_test_accuracy,split1_test_accuracy,split2_test_accuracy,split3_test_accuracy,split4_test_accuracy,mean_test_accuracy,std_test_accuracy,rank_test_accuracy,split0_test_roc_auc,split1_test_roc_auc,split2_test_roc_auc,split3_test_roc_auc,split4_test_roc_auc,mean_test_roc_auc,std_test_roc_auc,rank_test_roc_auc
0,32.599187517166136,2.9553574196313543,0.4933656692504883,0.00553181847883724,32,0.001,1,"{'batch_size': 32, 'learning_rate': 0.001, 'max_vmap': 1}",0.5625,0.5416666666666666,0.5208333333333334,0.5833333333333334,0.5625,0.5541666666666667,0.02124591463996994,3,0.6173913043478261,0.5408695652173913,0.591304347826087,0.5791304347826087,0.6371527777777777,0.5931696859903381,0.03303659138847015,3
1,18.944808292388917,3.6383028303177105,0.4972565174102783,0.0036842926384794386,32,0.01,1,"{'batch_size': 32, 'learning_rate': 0.01, 'max_vmap': 1}",0.6041666666666666,0.5416666666666666,0.5833333333333334,0.6041666666666666,0.5208333333333334,0.5708333333333333,0.03385016001931648,2,0.6104347826086958,0.5443478260869565,0.5982608695652174,0.6765217391304348,0.6302083333333334,0.6119547101449275,0.0430409530867649,2
2,14.916761827468871,2.951618194199869,0.4919760704040527,0.006639593329112189,32,0.1,1,"{'batch_size': 32, 'learning_rate': 0.1, 'max_vmap': 1}",0.5833333333333334,0.6041666666666666,0.5833333333333334,0.7291666666666666,0.7083333333333334,0.6416666666666667,0.0637377439199098,1,0.6260869565217391,0.6191304347826088,0.5495652173913044,0.711304347826087,0.7638888888888888,0.6539951690821255,0.07518112057892405,1
