,train_acc,test_acc
0,0.8333333333333334,0.8333333333333334
1,0.7916666666666666,0.75
2,0.8,0.8
3,0.8125,0.8166666666666667
4,0.7791666666666667,0.75
