,train_acc,test_acc
0,0.6166666666666667,0.6166666666666667
1,0.6166666666666667,0.6333333333333333
2,0.65,0.5333333333333333
3,0.5458333333333333,0.5666666666666667
4,0.625,0.5166666666666667
