,train_acc,test_acc
0,0.5875,0.55
1,0.6,0.5333333333333333
2,0.5916666666666667,0.5833333333333334
3,0.6125,0.6
4,0.6541666666666667,0.55
