,train_acc,test_acc
0,0.5708333333333333,0.5166666666666667
1,0.5833333333333334,0.5666666666666667
2,0.5916666666666667,0.5333333333333333
3,0.6,0.5
4,0.575,0.48333333333333334
