,train_acc,test_acc
0,0.8208333333333333,0.6833333333333333
1,0.7333333333333333,0.6833333333333333
2,0.7041666666666667,0.6
3,0.725,0.6666666666666666
4,0.7208333333333333,0.6
