,train_acc,test_acc
0,0.6041666666666666,0.5833333333333334
1,0.6375,0.6666666666666666
2,0.625,0.6
3,0.6583333333333333,0.65
4,0.6333333333333333,0.5833333333333334
