,mean_fit_time,std_fit_time,mean_score_time,std_score_time,param_batch_size,param_learning_rate,param_max_vmap,params,split0_test_accuracy,split1_test_accuracy,split2_test_accuracy,split3_test_accuracy,split4_test_accuracy,mean_test_accuracy,std_test_accuracy,rank_test_accuracy,split0_test_roc_auc,split1_test_roc_auc,split2_test_roc_auc,split3_test_roc_auc,split4_test_roc_auc,mean_test_roc_auc,std_test_roc_auc,rank_test_roc_auc
0,31.23831605911255,3.840195540628923,0.49826755523681643,0.006084478111743716,32,0.001,1,"{'batch_size': 32, 'learning_rate': 0.001, 'max_vmap': 1}",0.6666666666666666,0.5208333333333334,0.625,0.7083333333333334,0.5833333333333334,0.6208333333333333,0.06508541396588877,3,0.6556521739130434,0.5217391304347826,0.6765217391304348,0.765625,0.6475694444444444,0.653421497584541,0.07810597336282978,3
1,17.853596258163453,3.4541807629779355,0.504398250579834,0.01953646357820223,32,0.01,1,"{'batch_size': 32, 'learning_rate': 0.01, 'max_vmap': 1}",0.7291666666666666,0.5416666666666666,0.6666666666666666,0.7708333333333334,0.75,0.6916666666666667,0.08270597183866339,1,0.6852173913043478,0.5895652173913044,0.7043478260869565,0.78125,0.7725694444444445,0.7065899758454106,0.06940319615136019,2
2,13.186468076705932,0.8395708715027993,0.5039278507232666,0.01901914111470977,32,0.1,1,"{'batch_size': 32, 'learning_rate': 0.1, 'max_vmap': 1}",0.75,0.5833333333333334,0.625,0.8125,0.625,0.6791666666666667,0.08700255424092124,2,0.7408695652173912,0.5791304347826087,0.711304347826087,0.7847222222222223,0.7222222222222222,0.7076497584541063,0.06897339996463499,1
