,mean_fit_time,std_fit_time,mean_score_time,std_score_time,param_batch_size,param_learning_rate,param_max_vmap,params,split0_test_accuracy,split1_test_accuracy,split2_test_accuracy,split3_test_accuracy,split4_test_accuracy,mean_test_accuracy,std_test_accuracy,rank_test_accuracy,split0_test_roc_auc,split1_test_roc_auc,split2_test_roc_auc,split3_test_roc_auc,split4_test_roc_auc,mean_test_roc_auc,std_test_roc_auc,rank_test_roc_auc
0,40.47914752960205,16.426696317967004,0.4281035900115967,0.0093451531619913,32,0.001,1,"{'batch_size': 32, 'learning_rate': 0.001, 'max_vmap': 1}",0.5833333333333334,0.5833333333333334,0.5625,0.5416666666666666,0.5625,0.5666666666666667,0.015590239111558117,3,0.5815972222222222,0.6354166666666666,0.564236111111111,0.5008695652173912,0.41391304347826086,0.5392065217391304,0.07595791169932385,3
1,18.312970066070555,2.446287553743731,0.3930676460266113,0.0505094222393674,32,0.01,1,"{'batch_size': 32, 'learning_rate': 0.01, 'max_vmap': 1}",0.5833333333333334,0.5625,0.5833333333333334,0.75,0.5208333333333334,0.6000000000000001,0.07839536550927824,2,0.6319444444444444,0.6701388888888888,0.6024305555555556,0.7582608695652174,0.5634782608695652,0.6452506038647343,0.06646513880189449,2
2,9.919113636016846,1.1056283348373692,0.3312082290649414,0.005196122529289595,32,0.1,1,"{'batch_size': 32, 'learning_rate': 0.1, 'max_vmap': 1}",0.7291666666666666,0.5833333333333334,0.625,0.6875,0.6458333333333334,0.6541666666666667,0.050346024889977366,1,0.7256944444444444,0.6041666666666666,0.6197916666666667,0.8226086956521739,0.6382608695652173,0.6821044685990338,0.08187914416376517,1
