,mean_fit_time,std_fit_time,mean_score_time,std_score_time,param_batch_size,param_learning_rate,param_max_vmap,params,split0_test_accuracy,split1_test_accuracy,split2_test_accuracy,split3_test_accuracy,split4_test_accuracy,mean_test_accuracy,std_test_accuracy,rank_test_accuracy,split0_test_roc_auc,split1_test_roc_auc,split2_test_roc_auc,split3_test_roc_auc,split4_test_roc_auc,mean_test_roc_auc,std_test_roc_auc,rank_test_roc_auc
0,31.385245180130006,1.7998505067065227,0.46573877334594727,0.005169682008121266,32,0.001,1,"{'batch_size': 32, 'learning_rate': 0.001, 'max_vmap': 1}",0.7916666666666666,0.8333333333333334,0.7708333333333334,0.7083333333333334,0.6666666666666666,0.7541666666666667,0.059511903571190426,1,0.7965217391304348,0.8191304347826086,0.8,0.7721739130434784,0.7395833333333334,0.7854818840579711,0.027381227538371692,2
1,14.651782274246216,1.2194203518250863,0.46923098564147947,0.0034662501324185645,32,0.01,1,"{'batch_size': 32, 'learning_rate': 0.01, 'max_vmap': 1}",0.6875,0.8333333333333334,0.5833333333333334,0.6875,0.6666666666666666,0.6916666666666667,0.08057949835755716,2,0.8,0.8278260869565217,0.7634782608695653,0.7721739130434783,0.6979166666666666,0.7722789855072463,0.04349977788826632,3
2,12.533275699615478,1.3218487110960846,0.4766085624694824,0.0033014722996893638,32,0.1,1,"{'batch_size': 32, 'learning_rate': 0.1, 'max_vmap': 1}",0.7291666666666666,0.8333333333333334,0.6041666666666666,0.6041666666666666,0.6666666666666666,0.6874999999999999,0.08640183897219887,3,0.8034782608695652,0.8365217391304347,0.7704347826086957,0.7756521739130435,0.7430555555555556,0.785828502415459,0.031784799752357054,1
