,train_acc,test_acc
0,0.6458333333333334,0.6
1,0.625,0.7166666666666667
2,0.6375,0.6666666666666666
3,0.6541666666666667,0.48333333333333334
4,0.6458333333333334,0.6
