,mean_fit_time,std_fit_time,mean_score_time,std_score_time,param_batch_size,param_learning_rate,param_max_vmap,params,split0_test_accuracy,split1_test_accuracy,split2_test_accuracy,split3_test_accuracy,split4_test_accuracy,mean_test_accuracy,std_test_accuracy,rank_test_accuracy,split0_test_roc_auc,split1_test_roc_auc,split2_test_roc_auc,split3_test_roc_auc,split4_test_roc_auc,mean_test_roc_auc,std_test_roc_auc,rank_test_roc_auc
0,41.994824934005734,2.1690396415037934,0.4695091247558594,0.0073692820636726605,32,0.001,1,"{'batch_size': 32, 'learning_rate': 0.001, 'max_vmap': 1}",0.6666666666666666,0.7291666666666666,0.5625,0.7291666666666666,0.7291666666666666,0.6833333333333333,0.06508541396588877,1,0.6788194444444444,0.7413194444444444,0.5746527777777778,0.7309027777777778,0.6852173913043478,0.6821823671497584,0.05908300184311578,2
1,16.813818740844727,3.6707222092657736,0.42622714042663573,0.05315708488504064,32,0.01,1,"{'batch_size': 32, 'learning_rate': 0.01, 'max_vmap': 1}",0.6458333333333334,0.75,0.6041666666666666,0.7083333333333334,0.6666666666666666,0.675,0.0503460248899774,2,0.6684027777777778,0.7552083333333334,0.626736111111111,0.8107638888888888,0.6608695652173913,0.7043961352657006,0.06799579680895407,1
2,10.37825150489807,0.7886317182374746,0.35831799507141116,0.01350987676449331,32,0.1,1,"{'batch_size': 32, 'learning_rate': 0.1, 'max_vmap': 1}",0.5833333333333334,0.75,0.625,0.7083333333333334,0.625,0.6583333333333334,0.06123724356957945,3,0.6302083333333333,0.7361111111111112,0.5885416666666666,0.7361111111111112,0.6556521739130434,0.6693248792270532,0.05858971924045748,3
