,mean_fit_time,std_fit_time,mean_score_time,std_score_time,param_batch_size,param_learning_rate,param_max_vmap,params,split0_test_accuracy,split1_test_accuracy,split2_test_accuracy,split3_test_accuracy,split4_test_accuracy,mean_test_accuracy,std_test_accuracy,rank_test_accuracy,split0_test_roc_auc,split1_test_roc_auc,split2_test_roc_auc,split3_test_roc_auc,split4_test_roc_auc,mean_test_roc_auc,std_test_roc_auc,rank_test_roc_auc
0,27.79141230583191,9.013875409075172,0.4166764736175537,0.0016708219935194382,32,0.001,1,"{'batch_size': 32, 'learning_rate': 0.001, 'max_vmap': 1}",0.4791666666666667,0.5208333333333334,0.4583333333333333,0.5,0.5208333333333334,0.4958333333333333,0.02429563289518877,3,0.390625,0.5659722222222222,0.5555555555555556,0.5426086956521738,0.577391304347826,0.5264305555555555,0.06886753673827106,3
1,16.045612859725953,3.2336361924629546,0.3840194225311279,0.04449132227994925,32,0.01,1,"{'batch_size': 32, 'learning_rate': 0.01, 'max_vmap': 1}",0.4583333333333333,0.6458333333333334,0.5208333333333334,0.625,0.6666666666666666,0.5833333333333333,0.08014743359029727,2,0.43923611111111116,0.6197916666666666,0.5850694444444444,0.6573913043478261,0.6330434782608696,0.5869064009661835,0.07744427818935437,2
2,9.866976070404053,1.171416296266802,0.32666215896606443,0.0035291995084821806,32,0.1,1,"{'batch_size': 32, 'learning_rate': 0.1, 'max_vmap': 1}",0.6041666666666666,0.625,0.5625,0.5833333333333334,0.7083333333333334,0.6166666666666667,0.0503460248899774,1,0.4895833333333333,0.6232638888888888,0.6319444444444444,0.6434782608695653,0.6608695652173914,0.6098278985507247,0.061426413737505625,1
