,train_acc,test_acc
0,0.6333333333333333,0.6
1,0.575,0.6333333333333333
2,0.6875,0.7166666666666667
3,0.6291666666666667,0.6333333333333333
4,0.6583333333333333,0.65
