,train_acc,test_acc
0,0.5916666666666667,0.5666666666666667
1,0.625,0.5666666666666667
2,0.5875,0.5833333333333334
3,0.65,0.6166666666666667
4,0.5708333333333333,0.5666666666666667
