,train_acc,test_acc
0,0.6125,0.5333333333333333
1,0.6375,0.4166666666666667
2,0.5875,0.5166666666666667
3,0.6208333333333333,0.5
4,0.6291666666666667,0.5333333333333333
