,mean_fit_time,std_fit_time,mean_score_time,std_score_time,param_batch_size,param_learning_rate,param_max_vmap,params,split0_test_accuracy,split1_test_accuracy,split2_test_accuracy,split3_test_accuracy,split4_test_accuracy,mean_test_accuracy,std_test_accuracy,rank_test_accuracy,split0_test_roc_auc,split1_test_roc_auc,split2_test_roc_auc,split3_test_roc_auc,split4_test_roc_auc,mean_test_roc_auc,std_test_roc_auc,rank_test_roc_auc
0,47.13426432609558,2.8815349747902363,0.7484065055847168,0.14334096791712367,32,0.001,1,"{'batch_size': 32, 'learning_rate': 0.001, 'max_vmap': 1}",0.6041666666666666,0.5625,0.625,0.625,0.5833333333333334,0.6,0.024295632895188747,2,0.5972222222222222,0.6302083333333334,0.6267361111111112,0.6215277777777777,0.5460869565217391,0.6043562801932367,0.03133769192852107,3
1,24.726919746398927,3.7219564770496136,0.5903780460357666,0.11021981368128048,32,0.01,1,"{'batch_size': 32, 'learning_rate': 0.01, 'max_vmap': 1}",0.7291666666666666,0.5208333333333334,0.6041666666666666,0.6875,0.6041666666666666,0.6291666666666667,0.07264831572567787,1,0.6979166666666667,0.5989583333333333,0.6805555555555556,0.6684027777777778,0.6365217391304347,0.6564710144927537,0.03505953867079087,1
2,17.64980902671814,2.949022921769501,0.45140252113342283,0.008015221988046738,32,0.1,1,"{'batch_size': 32, 'learning_rate': 0.1, 'max_vmap': 1}",0.625,0.4375,0.6041666666666666,0.6041666666666666,0.5833333333333334,0.5708333333333333,0.06795627679291703,3,0.6666666666666666,0.5503472222222222,0.671875,0.6770833333333334,0.5913043478260869,0.6314553140096619,0.051275977138947146,2
