,train_acc,test_acc
0,0.9208333333333333,0.8
1,0.9416666666666667,0.8166666666666667
2,0.9375,0.75
3,0.925,0.8
4,0.9083333333333333,0.7833333333333333
