,train_acc,test_acc
0,0.9375,0.7833333333333333
1,0.9333333333333333,0.7166666666666667
2,0.9125,0.7833333333333333
3,0.9333333333333333,0.7666666666666667
4,0.9416666666666667,0.8
