,train_acc,test_acc
0,0.8458333333333333,0.6666666666666666
1,0.8375,0.6833333333333333
2,0.825,0.6666666666666666
3,0.8041666666666667,0.6166666666666667
4,0.8375,0.6666666666666666
