,train_acc,test_acc
0,0.9208333333333333,0.75
1,0.9083333333333333,0.7
2,0.9333333333333333,0.75
3,0.8958333333333334,0.8
4,0.8916666666666667,0.8
