,train_acc,test_acc
0,0.8958333333333334,0.6833333333333333
1,0.9041666666666667,0.8
2,0.8833333333333333,0.8
3,0.9333333333333333,0.7833333333333333
4,0.8916666666666667,0.8666666666666667
