,train_acc,test_acc
0,0.8958333333333334,0.8833333333333333
1,0.8875,0.8833333333333333
2,0.9125,0.85
3,0.9208333333333333,0.85
4,0.8916666666666667,0.8333333333333334
