,train_acc,test_acc
0,0.9041666666666667,0.8666666666666667
1,0.9208333333333333,0.8833333333333333
2,0.9125,0.8833333333333333
3,0.9125,0.85
4,0.9041666666666667,0.8666666666666667
