,train_acc,test_acc
0,0.8875,0.7833333333333333
1,0.8833333333333333,0.8
2,0.8875,0.7666666666666667
3,0.8583333333333333,0.75
4,0.8541666666666666,0.7666666666666667
