,train_acc,test_acc
0,0.8666666666666667,0.6166666666666667
1,0.8166666666666667,0.5333333333333333
2,0.8708333333333333,0.6833333333333333
3,0.8291666666666667,0.5666666666666667
4,0.8541666666666666,0.6833333333333333
