,train_acc,test_acc
0,0.9666666666666667,0.9
1,0.9666666666666667,0.9333333333333333
2,0.95,0.9333333333333333
3,0.925,0.9
4,0.9291666666666667,0.9166666666666666
